     [38;5;10m[1mFinished[0m in 1.56s
[INFO ] sysclk reel = 168000000 Hz (adaline_anc src/bin/adaline_anc.rs:78)
[INFO ] ADALINE ANC : WINDOW=16 N_SAMPLES=3000 fs=8000.0 Hz | f_signal=[60.0, 140.0, 310.0] Hz f_bruit=[200.0, 400.0, 600.0] Hz (adaline_anc src/bin/adaline_anc.rs:79)
[INFO ] budget cycles/echantillon a fs=8000.0Hz : 21000 (adaline_anc src/bin/adaline_anc.rs:92)
[INFO ] DATA,0,0.0,0.0,0.0,0.0,0.0,0.0,575 (adaline_anc src/bin/adaline_anc.rs:140)
[INFO ] DATA,3,0.33960044,0.66723806,1.0068386,0.005576254,1.0012623,0.66166186,575 (adaline_anc src/bin/adaline_anc.rs:140)
[INFO ] DATA,6,0.56575775,0.75162876,1.3173865,0.040738508,1.276648,0.7108903,575 (adaline_anc src/bin/adaline_anc.rs:140)
[INFO ] DATA,9,0.6182791,0.40834796,1.0266271,0.08811636,0.9385107,0.32023162,575 (adaline_anc src/bin/adaline_anc.rs:140)
[INFO ] DATA,12,0.516766,0.18163562,0.69840163,0.10389101,0.5945106,0.0777446,575 (adaline_anc src/bin/adaline_anc.rs:140)
[INFO ] DATA,15,0.34732327,0.19497474,0.542298,0.106279835,0.43601817,0.0886949,575 (adaline_anc src/bin/adaline_anc.rs:140)
[INFO ] DATA,18,0.21653411,0.13997635,0.35651046,0.108526304,0.24798416,0.031450048,575 (adaline_anc src/bin/adaline_anc.rs:140)
[INFO ] DATA,21,0.19637787,-0.07631028,0.1200676,0.09106335,0.029004246,-0.16737363,575 (adaline_anc src/bin/adaline_anc.rs:140)
[INFO ] DATA,24,0.2882404,-0.19878693,0.08945347,0.060048494,0.02940498,-0.25883543,575 (adaline_anc src/bin/adaline_anc.rs:140)
[INFO ] DATA,27,0.42427403,-0.17151116,0.25276285,0.040244304,0.21251854,-0.21175548,575 (adaline_anc src/bin/adaline_anc.rs:140)
[INFO ] DATA,30,0.5051682,-0.3,0.20516819,0.02791271,0.17725548,-0.32791272,575 (adaline_anc src/bin/adaline_anc.rs:140)
[INFO ] DATA,33,0.45470256,-0.6569216,-0.20221907,-0.0031863526,-0.19903272,-0.6537353,575 (adaline_anc src/bin/adaline_anc.rs:140)
[INFO ] DATA,36,0.26281595,-0.76942086,-0.5066049,-0.05792968,-0.44867522,-0.71149117,575 (adaline_anc src/bin/adaline_anc.rs:140)
[INFO ] DATA,39,-0.005242074,-0.26172,-0.26696208,-0.088179186,-0.1787829,-0.17354082,575 (adaline_anc src/bin/adaline_anc.rs:140)
[INFO ] DATA,42,-0.23878019,0.49264735,0.25386715,-0.026200864,0.280068,0.5188482,575 (adaline_anc src/bin/adaline_anc.rs:140)
[INFO ] DATA,45,-0.3356876,0.7949748,0.4592872,0.09432131,0.3649659,0.7006535,575 (adaline_anc src/bin/adaline_anc.rs:140)
[INFO ] DATA,48,-0.25329834,0.53430647,0.28100812,0.17421436,0.10679376,0.3600921,575 (adaline_anc src/bin/adaline_anc.rs:140)
[INFO ] DATA,51,-0.030270748,0.22293755,0.1926668,0.16913784,0.023528963,0.05379971,575 (adaline_anc src/bin/adaline_anc.rs:140)
[INFO ] DATA,54,0.23171076,0.18099515,0.4127059,0.14488041,0.26782548,0.036114722,575 (adaline_anc src/bin/adaline_anc.rs:140)
[INFO ] DATA,57,0.41724968,0.18182778,0.59907746,0.14335757,0.4557199,0.03847021,575 (adaline_anc src/bin/adaline_anc.rs:140)
[INFO ] DATA,60,0.45271224,-1.192488e-8,0.45271224,0.13575321,0.31695902,-0.13575321,575 (adaline_anc src/bin/adaline_anc.rs:140)
[INFO ] DATA,63,0.33994818,-0.18182792,0.15812026,0.09577801,0.06234225,-0.27760592,575 (adaline_anc src/bin/adaline_anc.rs:140)
[INFO ] DATA,66,0.15150508,-0.1809949,-0.029489815,0.0590152,-0.088505015,-0.2400101,575 (adaline_anc src/bin/adaline_anc.rs:140)
[INFO ] DATA,69,-0.0097771585,-0.22293754,-0.2327147,0.036948208,-0.26966292,-0.25988576,575 (adaline_anc src/bin/adaline_anc.rs:140)
[INFO ] DATA,72,-0.065773934,-0.5343065,-0.6000805,-0.0072588846,-0.5928216,-0.52704763,575 (adaline_anc src/bin/adaline_anc.rs:140)
[INFO ] DATA,75,-0.0043123066,-0.7949751,-0.79928744,-0.09315014,-0.7061373,-0.701825,575 (adaline_anc src/bin/adaline_anc.rs:140)
[INFO ] DATA,78,0.114591435,-0.49264687,-0.37805545,-0.15924454,-0.21881092,-0.33340234,575 (adaline_anc src/bin/adaline_anc.rs:140)
[INFO ] DATA,81,0.19070953,0.26172128,0.4524308,-0.09079681,0.5432276,0.35251808,575 (adaline_anc src/bin/adaline_anc.rs:140)
[INFO ] DATA,84,0.13737553,0.7694206,0.90679616,0.08955192,0.81724423,0.6798687,575 (adaline_anc src/bin/adaline_anc.rs:140)
[INFO ] DATA,87,-0.07064426,0.6569216,0.58627737,0.23589134,0.35038602,0.42103028,575 (adaline_anc src/bin/adaline_anc.rs:140)
[INFO ] DATA,90,-0.37996185,0.29999942,-0.07996243,0.22935185,-0.30931428,0.07064757,575 (adaline_anc src/bin/adaline_anc.rs:140)
[INFO ] DATA,93,-0.68126875,0.17151202,-0.50975674,0.14655095,-0.6563077,0.024961054,575 (adaline_anc src/bin/adaline_anc.rs:140)
[INFO ] DATA,96,-0.86082053,0.19878706,-0.66203344,0.09965426,-0.7616877,0.099132836,575 (adaline_anc src/bin/adaline_anc.rs:140)
[INFO ] DATA,99,-0.85487044,0.07630995,-0.7785605,0.062243663,-0.84080416,0.014066279,575 (adaline_anc src/bin/adaline_anc.rs:140)
[INFO ] DATA,102,-0.6796558,-0.13997637,-0.8196322,0.008331977,-0.8279641,-0.14830834,575 (adaline_anc src/bin/adaline_anc.rs:140)
[INFO ] DATA,105,-0.42190507,-0.19497453,-0.6168796,-0.030723745,-0.58615583,-0.16425076,575 (adaline_anc src/bin/adaline_anc.rs:140)
[INFO ] DATA,108,-0.19483337,-0.1816355,-0.37646887,-0.036373027,-0.34009585,-0.14526248,575 (adaline_anc src/bin/adaline_anc.rs:140)
[INFO ] DATA,111,-0.082051516,-0.408349,-0.49040052,-0.045185655,-0.44521487,-0.36316335,575 (adaline_anc src/bin/adaline_anc.rs:140)
[INFO ] DATA,114,-0.09783228,-0.7516295,-0.84946173,-0.10522093,-0.7442408,-0.64640856,575 (adaline_anc src/bin/adaline_anc.rs:140)
[INFO ] DATA,117,-0.18370308,-0.6672381,-0.8509412,-0.17369327,-0.6772479,-0.49354482,575 (adaline_anc src/bin/adaline_anc.rs:140)
[INFO ] DATA,120,-0.24270506,8.108918e-8,-0.24270499,-0.111776374,-0.1309286,0.111776456,575 (adaline_anc src/bin/adaline_anc.rs:140)
[INFO ] DATA,123,-0.19337152,0.6672385,0.47386694,0.10494491,0.36892202,0.5622935,575 (adaline_anc src/bin/adaline_anc.rs:140)
[INFO ] DATA,126,-0.015436903,0.751628,0.7361911,0.2899704,0.4462207,0.46165758,575 (adaline_anc src/bin/adaline_anc.rs:140)
[INFO ] DATA,129,0.23647419,0.40834856,0.6448227,0.27936482,0.3654579,0.1289837,575 (adaline_anc src/bin/adaline_anc.rs:140)
[INFO ] DATA,132,0.45848924,0.18163547,0.6401247,0.1319221,0.50820255,0.049713314,575 (adaline_anc src/bin/adaline_anc.rs:140)
[INFO ] DATA,135,0.54958,0.19497508,0.74455506,0.028457329,0.7160977,0.16651773,576 (adaline_anc src/bin/adaline_anc.rs:140)
[INFO ] DATA,138,0.46359992,0.13997634,0.60357624,0.023133215,0.580443,0.116843104,575 (adaline_anc src/bin/adaline_anc.rs:140)
[INFO ] DATA,141,0.23461862,-0.07631052,0.15830809,0.017232839,0.14107525,-0.093543366,575 (adaline_anc src/bin/adaline_anc.rs:140)
[INFO ] DATA,144,-0.037599966,-0.19878708,-0.23638704,-0.027288184,-0.20909886,-0.1714989,575 (adaline_anc src/bin/adaline_anc.rs:140)
[INFO ] DATA,147,-0.23491004,-0.17150976,-0.4064198,-0.05491763,-0.35150218,-0.11659214,575 (adaline_anc src/bin/adaline_anc.rs:140)
[INFO ] DATA,150,-0.27716392,-0.3000012,-0.5771651,-0.07227491,-0.5048902,-0.22772628,575 (adaline_anc src/bin/adaline_anc.rs:140)
[INFO ] DATA,153,-0.15936483,-0.6569224,-0.8162872,-0.14717737,-0.6691098,-0.509745,575 (adaline_anc src/bin/adaline_anc.rs:140)
[INFO ] DATA,156,0.04895553,-0.7694211,-0.72046554,-0.262723,-0.45774254,-0.5066981,575 (adaline_anc src/bin/adaline_anc.rs:140)
[INFO ] DATA,159,0.24141958,-0.26172146,-0.020301878,-0.24619365,0.22589177,-0.015527815,575 (adaline_anc src/bin/adaline_anc.rs:140)
[INFO ] DATA,162,0.3300855,0.49264878,0.82273424,0.011068499,0.8116657,0.48158023,575 (adaline_anc src/bin/adaline_anc.rs:140)
[INFO ] DATA,165,0.28996897,0.7949741,1.084943,0.32950675,0.7554363,0.46546733,575 (adaline_anc src/bin/adaline_anc.rs:140)
[INFO ] DATA,168,0.17013359,0.5343067,0.7044403,0.43208152,0.27235878,0.102225184,575 (adaline_anc src/bin/adaline_anc.rs:140)
[INFO ] DATA,171,0.06584357,0.22293723,0.2887808,0.26891768,0.019863129,-0.04598044,575 (adaline_anc src/bin/adaline_anc.rs:140)
[INFO ] DATA,174,0.0662947,0.1809949,0.2472896,0.07794201,0.16934758,0.103052884,575 (adaline_anc src/bin/adaline_anc.rs:140)
[INFO ] DATA,177,0.2049831,0.18182778,0.3868109,0.015876682,0.37093422,0.16595112,575 (adaline_anc src/bin/adaline_anc.rs:140)
[INFO ] DATA,180,0.43848038,-6.079793e-7,0.43847978,0.014448214,0.42403156,-0.014448822,575 (adaline_anc src/bin/adaline_anc.rs:140)
[INFO ] DATA,183,0.66490835,-0.18182805,0.4830803,-0.019254498,0.5023348,-0.16257358,575 (adaline_anc src/bin/adaline_anc.rs:140)
[INFO ] DATA,186,0.77309155,-0.18099342,0.5920981,-0.046925724,0.63902384,-0.13406771,575 (adaline_anc src/bin/adaline_anc.rs:140)
[INFO ] DATA,189,0.6976341,-0.22293784,0.47469628,-0.041313224,0.5160095,-0.18162459,575 (adaline_anc src/bin/adaline_anc.rs:140)
[INFO ] DATA,192,0.45202857,-0.5343081,-0.0822795,-0.0839808,0.0017012954,-0.45032728,575 (adaline_anc src/bin/adaline_anc.rs:140)
[INFO ] DATA,195,0.122948356,-0.7949753,-0.67202693,-0.20326966,-0.46875727,-0.5917056,575 (adaline_anc src/bin/adaline_anc.rs:140)
[INFO ] DATA,198,-0.17145482,-0.4926459,-0.6641007,-0.25368902,-0.4104117,-0.23895687,575 (adaline_anc src/bin/adaline_anc.rs:140)
[INFO ] DATA,201,-0.33820486,0.26172304,-0.07648182,-0.061397783,-0.015084036,0.32312083,575 (adaline_anc src/bin/adaline_anc.rs:140)
[INFO ] DATA,204,-0.3525738,0.76942176,0.41684794,0.27377558,0.14307237,0.49564618,575 (adaline_anc src/bin/adaline_anc.rs:140)
[INFO ] DATA,207,-0.2660123,0.6569208,0.39090848,0.45207396,-0.06116548,0.20484683,575 (adaline_anc src/bin/adaline_anc.rs:140)
[INFO ] DATA,210,-0.17537694,0.30000108,0.12462415,0.35339862,-0.22877447,-0.053397536,575 (adaline_anc src/bin/adaline_anc.rs:140)
[INFO ] DATA,213,-0.16959205,0.17151278,0.0019207299,0.17193432,-0.17001359,-0.00042153895,575 (adaline_anc src/bin/adaline_anc.rs:140)
[INFO ] DATA,216,-0.2813602,0.19878712,-0.082573086,0.08963796,-0.17221105,0.10914916,575 (adaline_anc src/bin/adaline_anc.rs:140)
[INFO ] DATA,219,-0.46883276,0.07630925,-0.39252353,0.05970384,-0.45222735,0.016605407,575 (adaline_anc src/bin/adaline_anc.rs:140)
[INFO ] DATA,222,-0.6367419,-0.13997726,-0.77671915,-0.0082099885,-0.76850915,-0.13176727,575 (adaline_anc src/bin/adaline_anc.rs:140)
[INFO ] DATA,225,-0.68620396,-0.19497468,-0.8811786,-0.07418679,-0.8069918,-0.12078786,575 (adaline_anc src/bin/adaline_anc.rs:140)
[INFO ] DATA,228,-0.5676342,-0.18163429,-0.74926853,-0.09150994,-0.6577586,-0.09012437,575 (adaline_anc src/bin/adaline_anc.rs:140)
[INFO ] DATA,231,-0.30948716,-0.40834942,-0.7178366,-0.121558346,-0.59627825,-0.2867911,575 (adaline_anc src/bin/adaline_anc.rs:140)
[INFO ] DATA,234,-0.0077725947,-0.7516295,-0.75940204,-0.23736061,-0.52204144,-0.5142689,575 (adaline_anc src/bin/adaline_anc.rs:140)
[INFO ] DATA,237,0.21875536,-0.6672364,-0.44848102,-0.3320908,-0.11639023,-0.3351456,575 (adaline_anc src/bin/adaline_anc.rs:140)
[INFO ] DATA,240,0.285317,1.6217837e-7,0.28531715,-0.17961103,0.46492818,0.17961118,575 (adaline_anc src/bin/adaline_anc.rs:140)
[INFO ] DATA,243,0.18123445,0.6672399,0.8484744,0.20015301,0.6483214,0.46708694,575 (adaline_anc src/bin/adaline_anc.rs:140)
[INFO ] DATA,246,-0.026697028,0.7516265,0.72492945,0.48476508,0.24016437,0.2668614,575 (adaline_anc src/bin/adaline_anc.rs:140)
[INFO ] DATA,249,-0.22907327,0.40834785,0.17927457,0.42051128,-0.2412367,-0.01216343,575 (adaline_anc src/bin/adaline_anc.rs:140)
[INFO ] DATA,252,-0.32914817,0.18163674,-0.14751144,0.1515591,-0.29907054,0.030077636,575 (adaline_anc src/bin/adaline_anc.rs:140)
[INFO ] DATA,255,-0.29035664,0.19497575,-0.09538089,-0.018300112,-0.07708077,0.21327586,575 (adaline_anc src/bin/adaline_anc.rs:140)
[INFO ] DATA,258,-0.15208994,0.13997631,-0.012113631,-0.04325037,0.03113674,0.18322667,575 (adaline_anc src/bin/adaline_anc.rs:140)
[INFO ] DATA,261,-0.005995959,-0.07631177,-0.082307726,-0.060164183,-0.022143543,-0.016147584,575 (adaline_anc src/bin/adaline_anc.rs:140)
[INFO ] DATA,264,0.054669887,-0.198787,-0.14411712,-0.10724984,-0.036867276,-0.09153716,575 (adaline_anc src/bin/adaline_anc.rs:140)
[INFO ] DATA,267,-0.013626084,-0.17151123,-0.18513732,-0.115551665,-0.06958565,-0.055959567,575 (adaline_anc src/bin/adaline_anc.rs:140)
[INFO ] DATA,270,-0.17934397,-0.3000012,-0.47934517,-0.110650495,-0.36869466,-0.1893507,575 (adaline_anc src/bin/adaline_anc.rs:140)
[INFO ] DATA,273,-0.3497774,-0.65692246,-1.0066998,-0.19762634,-0.80907345,-0.45929605,575 (adaline_anc src/bin/adaline_anc.rs:140)
[INFO ] DATA,276,-0.4174227,-0.7694217,-1.1868443,-0.33637732,-0.850467,-0.4330443,575 (adaline_anc src/bin/adaline_anc.rs:140)
[INFO ] DATA,279,-0.31525227,-0.26171392,-0.57696617,-0.2890075,-0.28795865,0.027293622,575 (adaline_anc src/bin/adaline_anc.rs:140)
[INFO ] DATA,282,-0.052731477,0.49265075,0.43991926,0.06622492,0.37369436,0.42642584,575 (adaline_anc src/bin/adaline_anc.rs:140)
[INFO ] DATA,285,0.2860177,0.7949752,1.0809929,0.4542355,0.62675744,0.34073976,575 (adaline_anc src/bin/adaline_anc.rs:140)
[INFO ] DATA,288,0.5812038,0.53430796,1.1155118,0.53192925,0.5835825,0.0023787022,575 (adaline_anc src/bin/adaline_anc.rs:140)
[INFO ] DATA,291,0.7340573,0.22293721,0.95699453,0.29943568,0.65755886,-0.07649845,575 (adaline_anc src/bin/adaline_anc.rs:140)
[INFO ] DATA,294,0.7127073,0.18099779,0.89370507,0.059424393,0.83428067,0.12157339,575 (adaline_anc src/bin/adaline_anc.rs:140)
[INFO ] DATA,297,0.5643482,0.18182771,0.74617594,-0.0069297496,0.7531057,0.18875748,575 (adaline_anc src/bin/adaline_anc.rs:140)
[INFO ] DATA,300,0.38786775,-0.000003492852,0.38786426,-0.009767612,0.39763188,0.009764135,575 (adaline_anc src/bin/adaline_anc.rs:140)
[INFO ] DATA,303,0.28128567,-0.18182847,0.099457204,-0.06888161,0.1683388,-0.11294687,575 (adaline_anc src/bin/adaline_anc.rs:140)
[INFO ] DATA,306,0.29100522,-0.18099345,0.11001177,-0.11528999,0.22530177,-0.06570345,575 (adaline_anc src/bin/adaline_anc.rs:140)
[INFO ] DATA,309,0.38886973,-0.22293662,0.16593312,-0.11559335,0.28152648,-0.10734326,575 (adaline_anc src/bin/adaline_anc.rs:140)
[INFO ] DATA,312,0.48865372,-0.5343093,-0.04565561,-0.1823569,0.13670129,-0.35195243,575 (adaline_anc src/bin/adaline_anc.rs:140)
[INFO ] DATA,315,0.49331945,-0.79497635,-0.3016569,-0.3417335,0.040076584,-0.45324287,575 (adaline_anc src/bin/adaline_anc.rs:140)
[INFO ] DATA,318,0.3486571,-0.49264947,-0.14399236,-0.3683202,0.22432783,-0.12432927,575 (adaline_anc src/bin/adaline_anc.rs:140)
[INFO ] DATA,321,0.075425915,0.2617265,0.33715242,-0.057337757,0.39449018,0.31906426,575 (adaline_anc src/bin/adaline_anc.rs:140)
[INFO ] DATA,324,-0.23678008,0.76942134,0.5326413,0.4067523,0.125889,0.36266908,575 (adaline_anc src/bin/adaline_anc.rs:140)
[INFO ] DATA,327,-0.47133994,0.65692073,0.18558079,0.6087508,-0.42317003,0.04816991,575 (adaline_anc src/bin/adaline_anc.rs:140)
[INFO ] DATA,330,-0.54108673,0.29999876,-0.24108797,0.41758168,-0.65866965,-0.11758292,575 (adaline_anc src/bin/adaline_anc.rs:140)
[INFO ] DATA,333,-0.4309859,0.17151277,-0.25947315,0.14410466,-0.4035778,0.027408093,575 (adaline_anc src/bin/adaline_anc.rs:140)
[INFO ] DATA,336,-0.20536247,0.1987875,-0.0065749735,0.03636766,-0.042942632,0.16241984,575 (adaline_anc src/bin/adaline_anc.rs:140)
[INFO ] DATA,339,0.02396819,0.07631058,0.10027877,0.02173525,0.07854352,0.05457533,575 (adaline_anc src/bin/adaline_anc.rs:140)
[INFO ] DATA,342,0.15258649,-0.13997728,0.012609214,-0.034276757,0.04688597,-0.10570052,575 (adaline_anc src/bin/adaline_anc.rs:140)
[INFO ] DATA,345,0.13358104,-0.19497465,-0.061393604,-0.094150655,0.03275705,-0.10082399,575 (adaline_anc src/bin/adaline_anc.rs:140)
[INFO ] DATA,348,-0.0022458527,-0.1816355,-0.18388136,-0.09256968,-0.09131168,-0.08906583,575 (adaline_anc src/bin/adaline_anc.rs:140)
[INFO ] DATA,351,-0.16599579,-0.40834945,-0.57434523,-0.12257551,-0.4517697,-0.28577393,575 (adaline_anc src/bin/adaline_anc.rs:140)
[INFO ] DATA,354,-0.25962692,-0.7516295,-1.0112565,-0.2733581,-0.73789835,-0.47827142,575 (adaline_anc src/bin/adaline_anc.rs:140)
[INFO ] DATA,357,-0.22885954,-0.6672366,-0.89609617,-0.393624,-0.50247216,-0.27361262,575 (adaline_anc src/bin/adaline_anc.rs:140)
[INFO ] DATA,360,-0.09270528,0.000005965314,-0.09269931,-0.20752288,0.11482357,0.20752886,575 (adaline_anc src/bin/adaline_anc.rs:140)
[INFO ] DATA,363,0.06567643,0.6672404,0.73291683,0.24473175,0.48818508,0.42250866,575 (adaline_anc src/bin/adaline_anc.rs:140)
[INFO ] DATA,366,0.14219315,0.75162643,0.8938196,0.56506515,0.32875443,0.18656127,575 (adaline_anc src/bin/adaline_anc.rs:140)
[INFO ] DATA,369,0.06700963,0.40834785,0.47535747,0.48880935,-0.013451874,-0.0804615,575 (adaline_anc src/bin/adaline_anc.rs:140)
[INFO ] DATA,372,-0.15670243,0.18163796,0.024935529,0.201281,-0.17634547,-0.019643039,575 (adaline_anc src/bin/adaline_anc.rs:140)
[INFO ] DATA,375,-0.4504965,0.19497685,-0.25551963,0.028758217,-0.28427786,0.16621864,575 (adaline_anc src/bin/adaline_anc.rs:140)
[INFO ] DATA,378,-0.69652194,0.13997543,-0.5565465,-0.009620443,-0.5469261,0.14959586,575 (adaline_anc src/bin/adaline_anc.rs:140)
[INFO ] DATA,381,-0.7936002,-0.076313145,-0.86991334,-0.07140015,-0.7985132,-0.0049129725,575 (adaline_anc src/bin/adaline_anc.rs:140)
[INFO ] DATA,384,-0.70541465,-0.19878656,-0.9042012,-0.15523374,-0.74896747,-0.043552816,575 (adaline_anc src/bin/adaline_anc.rs:140)
[INFO ] DATA,387,-0.476576,-0.17150976,-0.6480858,-0.17255804,-0.47552773,0.0010482669,575 (adaline_anc src/bin/adaline_anc.rs:140)
[INFO ] DATA,390,-0.20866524,-0.29999894,-0.5086642,-0.16860473,-0.34005946,-0.13139422,575 (adaline_anc src/bin/adaline_anc.rs:140)
[INFO ] DATA,393,-0.008617789,-0.65692395,-0.66554177,-0.2757134,-0.38982835,-0.38121057,575 (adaline_anc src/bin/adaline_anc.rs:140)
[INFO ] DATA,396,0.06417614,-0.7694199,-0.70524377,-0.42352048,-0.2817233,-0.34589943,575 (adaline_anc src/bin/adaline_anc.rs:140)
[INFO ] DATA,399,0.025270496,-0.2617193,-0.2364488,-0.31657633,0.08012754,0.05485704,575 (adaline_anc src/bin/adaline_anc.rs:140)
[INFO ] DATA,402,-0.046702303,0.49265164,0.44594935,0.13607857,0.30987078,0.35657308,575 (adaline_anc src/bin/adaline_anc.rs:140)
[INFO ] DATA,405,-0.054674342,0.79497415,0.7402998,0.5703858,0.169914,0.22458835,575 (adaline_anc src/bin/adaline_anc.rs:140)
[INFO ] DATA,408,0.062658876,0.5343054,0.59696424,0.58993286,0.007031381,-0.055627495,575 (adaline_anc src/bin/adaline_anc.rs:140)
[INFO ] DATA,411,0.2951783,0.22293791,0.51811624,0.26927543,0.24884081,-0.046337485,575 (adaline_anc src/bin/adaline_anc.rs:140)
[INFO ] DATA,414,0.5628872,0.18099637,0.74388355,0.00014616083,0.7437374,0.18085021,575 (adaline_anc src/bin/adaline_anc.rs:140)
[INFO ] DATA,417,0.7542033,0.18182793,0.9360312,-0.049903773,0.985935,0.23173165,575 (adaline_anc src/bin/adaline_anc.rs:140)
[INFO ] DATA,420,0.7817164,2.9799543e-7,0.7817167,-0.035994448,0.8177112,0.03599477,575 (adaline_anc src/bin/adaline_anc.rs:140)
[INFO ] DATA,423,0.6270349,-0.18182823,0.44520667,-0.094364166,0.5395708,-0.087464094,575 (adaline_anc src/bin/adaline_anc.rs:140)
[INFO ] DATA,426,0.35182935,-0.18099198,0.17083737,-0.13413064,0.304968,-0.04686135,575 (adaline_anc src/bin/adaline_anc.rs:140)
[INFO ] DATA,429,0.06917414,-0.22293596,-0.15376182,-0.12575445,-0.028007373,-0.097181514,575 (adaline_anc src/bin/adaline_anc.rs:140)
[INFO ] DATA,432,-0.11043857,-0.5343119,-0.6447505,-0.21119645,-0.43355402,-0.32311547,575 (adaline_anc src/bin/adaline_anc.rs:140)
[INFO ] DATA,435,-0.13135464,-0.794976,-0.9263306,-0.40866768,-0.51766294,-0.3863083,575 (adaline_anc src/bin/adaline_anc.rs:140)
[INFO ] DATA,438,-0.017025918,-0.49264485,-0.50967073,-0.4452258,-0.06444493,-0.04741901,575 (adaline_anc src/bin/adaline_anc.rs:140)
[INFO ] DATA,441,0.14562118,0.26173198,0.40735316,-0.08210986,0.48946303,0.34384185,574 (adaline_anc src/bin/adaline_anc.rs:140)
[INFO ] DATA,444,0.25334576,0.7694231,1.0227689,0.44619635,0.57657254,0.32322678,575 (adaline_anc src/bin/adaline_anc.rs:140)
[INFO ] DATA,447,0.24093355,0.6569187,0.89785224,0.6715342,0.22631806,-0.014615491,575 (adaline_anc src/bin/adaline_anc.rs:140)
[INFO ] DATA,450,0.11480644,0.29999876,0.4148052,0.46172422,-0.046919018,-0.16172546,575 (adaline_anc src/bin/adaline_anc.rs:140)
[INFO ] DATA,453,-0.05125615,0.17151427,0.12025812,0.15441531,-0.034157187,0.017098963,575 (adaline_anc src/bin/adaline_anc.rs:140)
[INFO ] DATA,456,-0.15596575,0.19878794,0.042822197,0.03103931,0.011782886,0.16774863,575 (adaline_anc src/bin/adaline_anc.rs:140)
[INFO ] DATA,459,-0.12537284,0.07630892,-0.04906392,0.0064539034,-0.055517823,0.06985502,575 (adaline_anc src/bin/adaline_anc.rs:140)
[INFO ] DATA,462,0.04565461,-0.1399782,-0.09432359,-0.07033785,-0.023985744,-0.06964035,575 (adaline_anc src/bin/adaline_anc.rs:140)
[INFO ] DATA,465,0.28692263,-0.19497359,0.091949046,-0.14180085,0.2337499,-0.053172737,575 (adaline_anc src/bin/adaline_anc.rs:140)
[INFO ] DATA,468,0.48512924,-0.1816343,0.30349493,-0.13170147,0.4351964,-0.049932837,575 (adaline_anc src/bin/adaline_anc.rs:140)
[INFO ] DATA,471,0.538822,-0.4083469,0.1304751,-0.1593091,0.2897842,-0.2490378,575 (adaline_anc src/bin/adaline_anc.rs:140)
[INFO ] DATA,474,0.408355,-0.75163054,-0.34327555,-0.32781008,-0.015465468,-0.42382047,575 (adaline_anc src/bin/adaline_anc.rs:140)
[INFO ] DATA,477,0.1356432,-0.6672363,-0.53159314,-0.43586564,-0.0957275,-0.2313707,575 (adaline_anc src/bin/adaline_anc.rs:140)
[INFO ] DATA,480,-0.17633654,3.2435673e-7,-0.17633621,-0.18552428,0.009188071,0.18552461,575 (adaline_anc src/bin/adaline_anc.rs:140)
[INFO ] DATA,483,-0.41384318,0.66724324,0.25340006,0.3335265,-0.080126435,0.33371675,575 (adaline_anc src/bin/adaline_anc.rs:140)
[INFO ] DATA,486,-0.50706065,0.7516282,0.24456757,0.65212864,-0.40756106,0.09949958,575 (adaline_anc src/bin/adaline_anc.rs:140)
[INFO ] DATA,489,-0.46157473,0.40834522,-0.05322951,0.51369053,-0.56692004,-0.10534531,575 (adaline_anc src/bin/adaline_anc.rs:140)
[INFO ] DATA,492,-0.3510151,0.1816392,-0.1693759,0.19710168,-0.36647758,-0.015462488,575 (adaline_anc src/bin/adaline_anc.rs:140)
[INFO ] DATA,495,-0.2750608,0.19497792,-0.08008288,0.0461362,-0.12621908,0.14884172,575 (adaline_anc src/bin/adaline_anc.rs:140)
[INFO ] DATA,498,-0.30470604,0.13997447,-0.16473156,0.030021619,-0.19475318,0.10995285,575 (adaline_anc src/bin/adaline_anc.rs:140)
[INFO ] DATA,501,-0.44311887,-0.0763124,-0.5194313,-0.037011176,-0.48242012,-0.039301246,575 (adaline_anc src/bin/adaline_anc.rs:140)
[INFO ] DATA,504,-0.62234837,-0.19878608,-0.82113445,-0.13750167,-0.6836328,-0.061284423,575 (adaline_anc src/bin/adaline_anc.rs:140)
[INFO ] DATA,507,-0.73774695,-0.17150965,-0.9092566,-0.15846093,-0.75079566,-0.013048708,575 (adaline_anc src/bin/adaline_anc.rs:140)
[INFO ] DATA,510,-0.70257384,-0.299999,-1.0025728,-0.1659982,-0.83657455,-0.13400072,575 (adaline_anc src/bin/adaline_anc.rs:140)
[INFO ] DATA,513,-0.49478775,-0.65692604,-1.1517138,-0.30978775,-0.8419261,-0.34713835,575 (adaline_anc src/bin/adaline_anc.rs:140)
[INFO ] DATA,516,-0.17190093,-0.76942396,-0.9413249,-0.4932473,-0.4480776,-0.27617666,575 (adaline_anc src/bin/adaline_anc.rs:140)
[INFO ] DATA,519,0.15410145,-0.26171783,-0.10761638,-0.37390226,0.2662859,0.11218445,575 (adaline_anc src/bin/adaline_anc.rs:140)
[INFO ] DATA,522,0.36932975,0.4926563,0.86198604,0.13134336,0.7306427,0.36131293,575 (adaline_anc src/bin/adaline_anc.rs:140)
[INFO ] DATA,525,0.4118002,0.79497385,1.206774,0.6028207,0.6039533,0.1921531,575 (adaline_anc src/bin/adaline_anc.rs:140)
[INFO ] DATA,528,0.29940858,0.53430414,0.8337127,0.6216888,0.21202391,-0.08738467,575 (adaline_anc src/bin/adaline_anc.rs:140)
[INFO ] DATA,531,0.1181542,0.22293857,0.34109277,0.27714548,0.06394729,-0.054206908,575 (adaline_anc src/bin/adaline_anc.rs:140)
[INFO ] DATA,534,-0.023087114,0.18099493,0.15790781,-0.002385999,0.16029382,0.18338093,575 (adaline_anc src/bin/adaline_anc.rs:140)
[INFO ] DATA,537,-0.04808718,0.18182768,0.1337405,-0.059400607,0.1931411,0.24122828,575 (adaline_anc src/bin/adaline_anc.rs:140)
[INFO ] DATA,540,0.049214408,-0.0000035405517,0.04921087,-0.076404095,0.12561497,0.07640056,575 (adaline_anc src/bin/adaline_anc.rs:140)
[INFO ] DATA,543,0.2041548,-0.181828,0.022326797,-0.15649198,0.17881878,-0.025336027,575 (adaline_anc src/bin/adaline_anc.rs:140)
[INFO ] DATA,546,0.3177451,-0.18099344,0.13675165,-0.18937963,0.32613128,0.008386195,575 (adaline_anc src/bin/adaline_anc.rs:140)
[INFO ] DATA,549,0.31099617,-0.22294022,0.08805595,-0.1602461,0.24830206,-0.06269412,575 (adaline_anc src/bin/adaline_anc.rs:140)
[INFO ] DATA,552,0.16908115,-0.5343057,-0.36522454,-0.24015446,-0.12507008,-0.29415125,575 (adaline_anc src/bin/adaline_anc.rs:140)
[INFO ] DATA,555,-0.04769942,-0.794975,-0.8426744,-0.4390221,-0.40365228,-0.35595286,575 (adaline_anc src/bin/adaline_anc.rs:140)
[INFO ] DATA,558,-0.23211798,-0.4926366,-0.7247546,-0.4470941,-0.27766046,-0.04554248,575 (adaline_anc src/bin/adaline_anc.rs:140)
[INFO ] DATA,561,-0.2833044,0.26171988,-0.02158451,-0.031989213,0.010404702,0.2937091,575 (adaline_anc src/bin/adaline_anc.rs:140)
[INFO ] DATA,564,-0.15810128,0.76942366,0.6113224,0.51827234,0.09305006,0.25115132,575 (adaline_anc src/bin/adaline_anc.rs:140)
[INFO ] DATA,567,0.10568223,0.6569242,0.76260644,0.69848573,0.06412071,-0.04156152,575 (adaline_anc src/bin/adaline_anc.rs:140)
[INFO ] DATA,570,0.40612864,0.2999987,0.70612735,0.4370443,0.26908305,-0.13704559,575 (adaline_anc src/bin/adaline_anc.rs:140)
[INFO ] DATA,573,0.6257409,0.17151278,0.79725367,0.12374014,0.67351353,0.047772646,575 (adaline_anc src/bin/adaline_anc.rs:140)
[INFO ] DATA,576,0.6874237,0.19878654,0.88621026,0.025242973,0.8609673,0.17354357,575 (adaline_anc src/bin/adaline_anc.rs:140)
[INFO ] DATA,579,0.58961093,0.076310836,0.66592175,0.027421568,0.63850015,0.04888922,575 (adaline_anc src/bin/adaline_anc.rs:140)
[INFO ] DATA,582,0.40318435,-0.1399773,0.26320705,-0.053364716,0.31657177,-0.08661258,575 (adaline_anc src/bin/adaline_anc.rs:140)
[INFO ] DATA,585,0.23216054,-0.19497249,0.037188053,-0.1393377,0.17652576,-0.05563478,575 (adaline_anc src/bin/adaline_anc.rs:140)
[INFO ] DATA,588,0.15854791,-0.18163061,-0.023082703,-0.1378678,0.11478509,-0.043762818,575 (adaline_anc src/bin/adaline_anc.rs:140)
[INFO ] DATA,591,0.19977391,-0.40835413,-0.20858023,-0.18930508,-0.019275144,-0.21904905,575 (adaline_anc src/bin/adaline_anc.rs:140)
[INFO ] DATA,594,0.3004884,-0.7516328,-0.4511444,-0.3995881,-0.05155629,-0.3520447,575 (adaline_anc src/bin/adaline_anc.rs:140)
[INFO ] DATA,597,0.36291155,-0.66723555,-0.304324,-0.5250175,0.2206935,-0.14221805,575 (adaline_anc src/bin/adaline_anc.rs:140)
[INFO ] DATA,600,0.29999822,0.000016427175,0.30001464,-0.23064142,0.5306561,0.23065788,575 (adaline_anc src/bin/adaline_anc.rs:140)
[INFO ] DATA,603,0.08402151,0.6672374,0.7512589,0.35486722,0.3963917,0.31237018,575 (adaline_anc src/bin/adaline_anc.rs:140)
[INFO ] DATA,606,-0.23465295,0.7516239,0.516971,0.7103277,-0.1933567,0.04129626,575 (adaline_anc src/bin/adaline_anc.rs:140)
[INFO ] DATA,609,-0.5486239,0.40834314,-0.14028078,0.5578499,-0.69813067,-0.14950675,575 (adaline_anc src/bin/adaline_anc.rs:140)
[INFO ] DATA,612,-0.74409807,0.18163791,-0.5624602,0.2093572,-0.7718174,-0.027719319,575 (adaline_anc src/bin/adaline_anc.rs:140)
[INFO ] DATA,615,-0.7556585,0.1949763,-0.5606822,0.048816808,-0.609499,0.14615953,575 (adaline_anc src/bin/adaline_anc.rs:140)
[INFO ] DATA,618,-0.59753776,0.13997534,-0.45756242,0.025407324,-0.48296973,0.114568025,575 (adaline_anc src/bin/adaline_anc.rs:140)
[INFO ] DATA,621,-0.35565156,-0.07631319,-0.43196476,-0.055034295,-0.37693048,-0.021278918,575 (adaline_anc src/bin/adaline_anc.rs:140)
[INFO ] DATA,624,-0.14452377,-0.19878559,-0.34330934,-0.15745433,-0.18585502,-0.041331246,575 (adaline_anc src/bin/adaline_anc.rs:140)
[INFO ] DATA,627,-0.050893694,-0.17150974,-0.22240344,-0.15992606,-0.06247738,-0.011583686,575 (adaline_anc src/bin/adaline_anc.rs:140)
[INFO ] DATA,630,-0.09262411,-0.299999,-0.39262313,-0.15023434,-0.24238878,-0.14976467,575 (adaline_anc src/bin/adaline_anc.rs:140)
[INFO ] DATA,633,-0.21348149,-0.6569275,-0.870409,-0.3001441,-0.57026494,-0.35678345,575 (adaline_anc src/bin/adaline_anc.rs:140)
[INFO ] DATA,636,-0.31599072,-0.7694243,-1.085415,-0.48730463,-0.5981104,-0.28211966,575 (adaline_anc src/bin/adaline_anc.rs:140)
[INFO ] DATA,639,-0.31519616,-0.2617164,-0.5769125,-0.35031796,-0.22659457,0.08860159,575 (adaline_anc src/bin/adaline_anc.rs:140)
[INFO ] DATA,642,-0.18542944,0.4926572,0.3072278,0.17489807,0.13232972,0.31775916,575 (adaline_anc src/bin/adaline_anc.rs:140)
[INFO ] DATA,645,0.024139903,0.7949728,0.81911266,0.6292696,0.18984306,0.16570315,575 (adaline_anc src/bin/adaline_anc.rs:140)
[INFO ] DATA,648,0.2133707,0.53430283,0.7476735,0.60916483,0.13850868,-0.07486202,575 (adaline_anc src/bin/adaline_anc.rs:140)
[INFO ] DATA,651,0.28233474,0.22293426,0.505269,0.26952437,0.23574463,-0.04659012,575 (adaline_anc src/bin/adaline_anc.rs:140)
[INFO ] DATA,654,0.18373743,0.18099637,0.36473382,0.03315136,0.33158246,0.14784503,575 (adaline_anc src/bin/adaline_anc.rs:140)
[INFO ] DATA,657,-0.05038652,0.18182673,0.1314402,0.002321757,0.12911846,0.17950498,575 (adaline_anc src/bin/adaline_anc.rs:140)
[INFO ] DATA,660,-0.32161272,-0.00000509028,-0.3216178,-0.037165657,-0.28445214,0.037160575,575 (adaline_anc src/bin/adaline_anc.rs:140)
[INFO ] DATA,663,-0.51149625,-0.18182826,-0.6933245,-0.15573278,-0.5375917,-0.02609545,575 (adaline_anc src/bin/adaline_anc.rs:140)
[INFO ] DATA,666,-0.53818107,-0.18099195,-0.719173,-0.20731553,-0.5118575,0.026323557,575 (adaline_anc src/bin/adaline_anc.rs:140)
[INFO ] DATA,669,-0.39473858,-0.22293952,-0.6176781,-0.19039872,-0.42727938,-0.0325408,575 (adaline_anc src/bin/adaline_anc.rs:140)
[INFO ] DATA,672,-0.15019247,-0.534307,-0.6844995,-0.29413748,-0.39036202,-0.24016955,575 (adaline_anc src/bin/adaline_anc.rs:140)
[INFO ] DATA,675,0.0870841,-0.79497606,-0.70789194,-0.51654685,-0.1913451,-0.2784292,575 (adaline_anc src/bin/adaline_anc.rs:140)
[INFO ] DATA,678,0.22468665,-0.49264652,-0.26795986,-0.50395775,0.23599789,0.011311233,575 (adaline_anc src/bin/adaline_anc.rs:140)
[INFO ] DATA,681,0.23197424,0.2617213,0.49369556,-0.027068337,0.5207639,0.28878963,575 (adaline_anc src/bin/adaline_anc.rs:140)
[INFO ] DATA,684,0.15305415,0.7694232,0.92247736,0.566133,0.35634434,0.2032902,575 (adaline_anc src/bin/adaline_anc.rs:140)
[INFO ] DATA,687,0.08063926,0.65692264,0.7375619,0.7333756,0.0041862726,-0.076452985,575 (adaline_anc src/bin/adaline_anc.rs:140)
[INFO ] DATA,690,0.10442537,0.2999987,0.40442407,0.4168538,-0.012429714,-0.116855085,575 (adaline_anc src/bin/adaline_anc.rs:140)
[INFO ] DATA,693,0.26078266,0.17150985,0.43229252,0.06788078,0.36441174,0.10362908,575 (adaline_anc src/bin/adaline_anc.rs:140)
[INFO ] DATA,696,0.5099189,0.19878699,0.7087059,-0.029163677,0.73786956,0.22795063,575 (adaline_anc src/bin/adaline_anc.rs:140)
[INFO ] DATA,699,0.752591,0.07630946,0.82890046,-0.01673877,0.8456392,0.093048215,575 (adaline_anc src/bin/adaline_anc.rs:140)
[INFO ] DATA,702,0.878181,-0.13997823,0.73820275,-0.088550724,0.8267535,-0.051427484,575 (adaline_anc src/bin/adaline_anc.rs:140)
[INFO ] DATA,705,0.8199454,-0.19497573,0.62496966,-0.15974908,0.78471875,-0.035226643,575 (adaline_anc src/bin/adaline_anc.rs:140)
[INFO ] DATA,708,0.5893011,-0.1816343,0.4076668,-0.13486885,0.54253566,-0.046765447,575 (adaline_anc src/bin/adaline_anc.rs:140)
[INFO ] DATA,711,0.27168274,-0.40835208,-0.13666934,-0.17992635,0.043257013,-0.22842573,575 (adaline_anc src/bin/adaline_anc.rs:140)
[INFO ] DATA,714,-0.014119282,-0.7516277,-0.76574695,-0.40367353,-0.36207342,-0.34795415,575 (adaline_anc src/bin/adaline_anc.rs:140)
[INFO ] DATA,717,-0.1727198,-0.6672362,-0.83995605,-0.5365823,-0.30337375,-0.13065395,575 (adaline_anc src/bin/adaline_anc.rs:140)
[INFO ] DATA,720,-0.17633776,0.000011930628,-0.17632583,-0.22933647,0.053010643,0.2293484,575 (adaline_anc src/bin/adaline_anc.rs:140)
[INFO ] DATA,723,-0.07448803,0.6672377,0.59274966,0.37270465,0.220045,0.294533,575 (adaline_anc src/bin/adaline_anc.rs:140)
[INFO ] DATA,726,0.03542374,0.75162244,0.7870462,0.719843,0.06720322,0.031779483,575 (adaline_anc src/bin/adaline_anc.rs:140)
[INFO ] DATA,729,0.061160654,0.40834892,0.46950957,0.5637779,-0.09426835,-0.155429,575 (adaline_anc src/bin/adaline_anc.rs:140)
[INFO ] DATA,732,-0.035061076,0.18163916,0.14657809,0.23283502,-0.086256936,-0.05119586,575 (adaline_anc src/bin/adaline_anc.rs:140)
[INFO ] DATA,735,-0.21639787,0.1949774,-0.021420464,0.09109672,-0.112517186,0.10388068,575 (adaline_anc src/bin/adaline_anc.rs:140)
[INFO ] DATA,738,-0.39065793,0.13997445,-0.2506835,0.07278633,-0.32346982,0.067188114,575 (adaline_anc src/bin/adaline_anc.rs:140)
[INFO ] DATA,741,-0.45913,-0.07631458,-0.53544456,-0.030344993,-0.50509953,-0.045969546,574 (adaline_anc src/bin/adaline_anc.rs:140)
[INFO ] DATA,744,-0.3698135,-0.19878514,-0.5685986,-0.15957223,-0.40902638,-0.039212883,575 (adaline_anc src/bin/adaline_anc.rs:140)
[INFO ] DATA,747,-0.14754671,-0.17150825,-0.31905496,-0.17341651,-0.14563845,0.0019082576,575 (adaline_anc src/bin/adaline_anc.rs:140)
[INFO ] DATA,750,0.11480559,-0.29999906,-0.18519348,-0.17375205,-0.0114414245,-0.12624702,575 (adaline_anc src/bin/adaline_anc.rs:140)
[INFO ] DATA,753,0.2999406,-0.65692914,-0.35698855,-0.3468635,-0.010125041,-0.31006563,575 (adaline_anc src/bin/adaline_anc.rs:140)
[INFO ] DATA,756,0.3228303,-0.7694203,-0.44659004,-0.5408557,0.09426567,-0.22856462,575 (adaline_anc src/bin/adaline_anc.rs:140)
[INFO ] DATA,759,0.17188525,-0.26171497,-0.08982971,-0.36082938,0.27099967,0.09911442,575 (adaline_anc src/bin/adaline_anc.rs:140)
[INFO ] DATA,762,-0.086135566,0.4926582,0.40652263,0.21816266,0.18835998,0.27449554,575 (adaline_anc src/bin/adaline_anc.rs:140)
[INFO ] DATA,765,-0.33983678,0.79497176,0.455135,0.68762666,-0.23249167,0.107345104,575 (adaline_anc src/bin/adaline_anc.rs:140)
[INFO ] DATA,768,-0.48837978,0.5343016,0.045921803,0.6277225,-0.5818007,-0.09342092,575 (adaline_anc src/bin/adaline_anc.rs:140)
[INFO ] DATA,771,-0.4900964,0.22293498,-0.26716143,0.25082064,-0.51798207,-0.027885675,575 (adaline_anc src/bin/adaline_anc.rs:140)
[INFO ] DATA,774,-0.38009393,0.18099785,-0.19909608,0.027668808,-0.22676489,0.15332904,575 (adaline_anc src/bin/adaline_anc.rs:140)
[INFO ] DATA,777,-0.2482246,0.18182649,-0.066398114,0.016181856,-0.08257997,0.16564463,575 (adaline_anc src/bin/adaline_anc.rs:140)
[INFO ] DATA,780,-0.18910411,-0.0000012994326,-0.1891054,-0.026454316,-0.16265109,0.026453018,575 (adaline_anc src/bin/adaline_anc.rs:140)
[INFO ] DATA,783,-0.25014776,-0.1818285,-0.43197626,-0.15023082,-0.28174543,-0.031597674,575 (adaline_anc src/bin/adaline_anc.rs:140)
[INFO ] DATA,786,-0.40456188,-0.18099053,-0.5855524,-0.19183843,-0.39371395,0.010847926,575 (adaline_anc src/bin/adaline_anc.rs:140)
[INFO ] DATA,789,-0.5633656,-0.2229367,-0.78630227,-0.16491024,-0.621392,-0.058026433,575 (adaline_anc src/bin/adaline_anc.rs:140)
[INFO ] DATA,792,-0.62052405,-0.5343108,-1.1548349,-0.27999225,-0.87484264,-0.2543186,575 (adaline_anc src/bin/adaline_anc.rs:140)
[INFO ] DATA,795,-0.5082369,-0.7949772,-1.3032141,-0.5223183,-0.78089577,-0.27265888,575 (adaline_anc src/bin/adaline_anc.rs:140)
[INFO ] DATA,798,-0.23405613,-0.49264556,-0.7267017,-0.5184545,-0.20824718,0.025808945,575 (adaline_anc src/bin/adaline_anc.rs:140)
[INFO ] DATA,801,0.119375475,0.26172274,0.3810982,-0.03316914,0.41426736,0.2948919,575 (adaline_anc src/bin/adaline_anc.rs:140)
[INFO ] DATA,804,0.4320752,0.7694227,1.2014979,0.5582788,0.6432191,0.21114391,575 (adaline_anc src/bin/adaline_anc.rs:140)
[INFO ] DATA,807,0.6032795,0.6569211,1.2602005,0.71467817,0.54552233,-0.05775714,575 (adaline_anc src/bin/adaline_anc.rs:140)
[INFO ] DATA,810,0.59833205,0.29999864,0.8983307,0.4050973,0.49323338,-0.105098665,575 (adaline_anc src/bin/adaline_anc.rs:140)
[INFO ] DATA,813,0.46243808,0.17151138,0.63394946,0.073230125,0.5607193,0.098281235,575 (adaline_anc src/bin/adaline_anc.rs:140)
[INFO ] DATA,816,0.2946866,0.1987858,0.4934724,-0.013204007,0.5066764,0.21198979,575 (adaline_anc src/bin/adaline_anc.rs:140)
[INFO ] DATA,819,0.19583726,0.07630808,0.27214533,-0.01939362,0.29153895,0.095701694,575 (adaline_anc src/bin/adaline_anc.rs:140)
[INFO ] DATA,822,0.21670975,-0.13997914,0.07673061,-0.123584986,0.2003156,-0.016394153,574 (adaline_anc src/bin/adaline_anc.rs:140)
[INFO ] DATA,825,0.33344173,-0.19497465,0.13846709,-0.2071403,0.3456074,0.012165666,575 (adaline_anc src/bin/adaline_anc.rs:140)
[INFO ] DATA,828,0.46212578,-0.18163306,0.28049272,-0.17872106,0.4592138,-0.002911985,575 (adaline_anc src/bin/adaline_anc.rs:140)
[INFO ] DATA,831,0.50506216,-0.4083463,0.09671587,-0.22340062,0.3201165,-0.18494567,575 (adaline_anc src/bin/adaline_anc.rs:140)
[INFO ] DATA,834,0.404647,-0.75163,-0.34698302,-0.45272788,0.10574487,-0.29890212,575 (adaline_anc src/bin/adaline_anc.rs:140)
[INFO ] DATA,837,0.17692858,-0.6672299,-0.4903013,-0.56357855,0.073277235,-0.103651345,575 (adaline_anc src/bin/adaline_anc.rs:140)
[INFO ] DATA,840,-0.09270568,-0.000009350589,-0.09271503,-0.20256272,0.10984769,0.20255336,575 (adaline_anc src/bin/adaline_anc.rs:140)
[INFO ] DATA,843,-0.28996935,0.6672431,0.37727377,0.43787074,-0.060596973,0.22937238,575 (adaline_anc src/bin/adaline_anc.rs:140)
[INFO ] DATA,846,-0.32790533,0.75162685,0.42372152,0.7657498,-0.3420283,-0.014122963,575 (adaline_anc src/bin/adaline_anc.rs:140)
[INFO ] DATA,849,-0.19047588,0.4083444,0.2178685,0.55131054,-0.33344203,-0.14296615,575 (adaline_anc src/bin/adaline_anc.rs:140)
[INFO ] DATA,852,0.05871197,0.1816404,0.24035236,0.19167253,0.04867983,-0.01003214,575 (adaline_anc src/bin/adaline_anc.rs:140)
[INFO ] DATA,855,0.307015,0.19498114,0.50199616,0.062566444,0.4394297,0.1324147,575 (adaline_anc src/bin/adaline_anc.rs:140)
[INFO ] DATA,858,0.44734186,0.13997354,0.5873154,0.07397214,0.5133432,0.066001356,575 (adaline_anc src/bin/adaline_anc.rs:140)
[INFO ] DATA,861,0.42920026,-0.07631653,0.35288373,-0.0079615265,0.36084527,-0.068354994,575 (adaline_anc src/bin/adaline_anc.rs:140)
[INFO ] DATA,864,0.2805627,-0.19878633,0.081776366,-0.1337406,0.21551697,-0.06504573,575 (adaline_anc src/bin/adaline_anc.rs:140)
[INFO ] DATA,867,0.08985093,-0.17150232,-0.08165139,-0.14303452,0.06138313,-0.028467804,575 (adaline_anc src/bin/adaline_anc.rs:140)
[INFO ] DATA,870,-0.042334497,-0.30000365,-0.34233814,-0.15161741,-0.19072074,-0.14838624,575 (adaline_anc src/bin/adaline_anc.rs:140)
[INFO ] DATA,873,-0.05669853,-0.6569306,-0.7136291,-0.35474244,-0.3588867,-0.30218816,575 (adaline_anc src/bin/adaline_anc.rs:140)
[INFO ] DATA,876,0.033538125,-0.76942074,-0.73588264,-0.5783468,-0.15753585,-0.19107398,575 (adaline_anc src/bin/adaline_anc.rs:140)
[INFO ] DATA,879,0.14982183,-0.26171353,-0.1118917,-0.4008077,0.288916,0.13909416,575 (adaline_anc src/bin/adaline_anc.rs:140)
[INFO ] DATA,882,0.19015855,0.49266648,0.682825,0.19892648,0.48389855,0.29374,575 (adaline_anc src/bin/adaline_anc.rs:140)
[INFO ] DATA,885,0.08415124,0.79497063,0.8791219,0.68677783,0.19234407,0.10819283,575 (adaline_anc src/bin/adaline_anc.rs:140)
[INFO ] DATA,888,-0.16716038,0.5342978,0.36713743,0.64444345,-0.27730602,-0.11014564,575 (adaline_anc src/bin/adaline_anc.rs:140)
[INFO ] DATA,891,-0.48738632,0.22294274,-0.26444358,0.2837607,-0.5482043,-0.060817987,575 (adaline_anc src/bin/adaline_anc.rs:140)
[INFO ] DATA,894,-0.75926554,0.18099563,-0.5782699,0.073908105,-0.652178,0.10708755,575 (adaline_anc src/bin/adaline_anc.rs:140)
[INFO ] DATA,897,-0.8803802,0.18182622,-0.698554,0.05581477,-0.7543687,0.12601149,575 (adaline_anc src/bin/adaline_anc.rs:140)
[INFO ] DATA,900,-0.81213295,-0.0000020862217,-0.81213504,-0.023792095,-0.78834295,0.023790002,575 (adaline_anc src/bin/adaline_anc.rs:140)
[INFO ] DATA,903,-0.597318,-0.18182875,-0.77914673,-0.17364973,-0.605497,-0.008179009,575 (adaline_anc src/bin/adaline_anc.rs:140)
[INFO ] DATA,906,-0.33756006,-0.18098906,-0.5185491,-0.21422735,-0.30432174,0.03323832,575 (adaline_anc src/bin/adaline_anc.rs:140)
[INFO ] DATA,909,-0.14219782,-0.22293599,-0.36513382,-0.17478862,-0.1903452,-0.04814738,575 (adaline_anc src/bin/adaline_anc.rs:140)
[INFO ] DATA,912,-0.07460749,-0.53430957,-0.60891706,-0.28683084,-0.32208622,-0.24747872,575 (adaline_anc src/bin/adaline_anc.rs:140)
[INFO ] DATA,915,-0.12315242,-0.7949755,-0.91812795,-0.5243394,-0.39378858,-0.27063614,575 (adaline_anc src/bin/adaline_anc.rs:140)
[INFO ] DATA,918,-0.21122861,-0.49265194,-0.70388055,-0.49026734,-0.21361321,-0.002384603,575 (adaline_anc src/bin/adaline_anc.rs:140)
[INFO ] DATA,921,-0.24085747,0.2617323,0.020874843,0.024636934,-0.0037620906,0.23709537,575 (adaline_anc src/bin/adaline_anc.rs:140)
[INFO ] DATA,924,-0.14710416,0.7694223,0.62231815,0.60638416,0.01593399,0.16303815,575 (adaline_anc src/bin/adaline_anc.rs:140)
[INFO ] DATA,927,0.06486514,0.6569186,0.72178376,0.705889,0.01589477,-0.04897037,575 (adaline_anc src/bin/adaline_anc.rs:140)
[INFO ] DATA,930,0.3194117,0.29999864,0.61941034,0.35909,0.26032034,-0.05909136,575 (adaline_anc src/bin/adaline_anc.rs:140)
[INFO ] DATA,933,0.50721097,0.17151731,0.6787283,0.051497657,0.62723064,0.120019674,575 (adaline_anc src/bin/adaline_anc.rs:140)
[INFO ] DATA,936,0.54059744,0.19878796,0.73938537,0.0043800455,0.7350053,0.19440788,575 (adaline_anc src/bin/adaline_anc.rs:140)
[INFO ] DATA,939,0.39923388,0.076306105,0.47553998,0.010030728,0.46550927,0.06627539,575 (adaline_anc src/bin/adaline_anc.rs:140)
[INFO ] DATA,942,0.14266124,-0.13997653,0.0026847124,-0.10755694,0.11024165,-0.032419592,575 (adaline_anc src/bin/adaline_anc.rs:140)
[INFO ] DATA,945,-0.11692689,-0.19497624,-0.31190312,-0.2007164,-0.11118671,0.0057401806,575 (adaline_anc src/bin/adaline_anc.rs:140)
[INFO ] DATA,948,-0.26819193,-0.18163675,-0.44982868,-0.1783199,-0.27150878,-0.0033168495,575 (adaline_anc src/bin/adaline_anc.rs:140)
[INFO ] DATA,951,-0.25355428,-0.40835083,-0.6619051,-0.24282941,-0.4190757,-0.16552141,575 (adaline_anc src/bin/adaline_anc.rs:140)
[INFO ] DATA,954,-0.09497682,-0.75163066,-0.8466075,-0.50014585,-0.34646165,-0.25148484,575 (adaline_anc src/bin/adaline_anc.rs:140)
[INFO ] DATA,957,0.12012547,-0.6672357,-0.5471102,-0.62366956,0.076559365,-0.043566108,575 (adaline_anc src/bin/adaline_anc.rs:140)
[INFO ] DATA,960,0.28531772,6.4871347e-7,0.28531837,-0.23879269,0.52411103,0.23879331,575 (adaline_anc src/bin/adaline_anc.rs:140)
[INFO ] DATA,963,0.3300106,0.6672373,0.9972479,0.4338205,0.5634274,0.2334168,575 (adaline_anc src/bin/adaline_anc.rs:140)
[INFO ] DATA,966,0.25468054,0.75162613,1.0063066,0.77776086,0.22854578,-0.02613476,575 (adaline_anc src/bin/adaline_anc.rs:140)
[INFO ] DATA,969,0.12856728,0.40835023,0.5369175,0.55786663,-0.020949125,-0.1495164,575 (adaline_anc src/bin/adaline_anc.rs:140)
[INFO ] DATA,972,0.051192433,0.1816318,0.23282424,0.17529796,0.057526276,0.006333843,575 (adaline_anc src/bin/adaline_anc.rs:140)
[INFO ] DATA,975,0.09773603,0.19497523,0.29271126,0.030932946,0.26177832,0.1640423,575 (adaline_anc src/bin/adaline_anc.rs:140)
[INFO ] DATA,978,0.27649236,0.13997269,0.41646504,0.035526562,0.38093847,0.10444611,575 (adaline_anc src/bin/adaline_anc.rs:140)
[INFO ] DATA,981,0.5206081,-0.07631733,0.4442908,-0.049630675,0.49392146,-0.026686668,575 (adaline_anc src/bin/adaline_anc.rs:140)
[INFO ] DATA,984,0.7187433,-0.19878422,0.5199591,-0.16873114,0.68869025,-0.03005308,575 (adaline_anc src/bin/adaline_anc.rs:140)
[INFO ] DATA,987,0.76942503,-0.17150521,0.5979198,-0.15868145,0.7566013,-0.0128237605,575 (adaline_anc src/bin/adaline_anc.rs:140)
[INFO ] DATA,990,0.63161933,-0.29999912,0.33162022,-0.14989938,0.48151958,-0.15009975,575 (adaline_anc src/bin/adaline_anc.rs:140)
[INFO ] DATA,993,0.34588382,-0.6569252,-0.31104138,-0.35159448,0.040553093,-0.30533072,575 (adaline_anc src/bin/adaline_anc.rs:140)
[INFO ] DATA,996,0.015321121,-0.76942575,-0.7541046,-0.5686154,-0.18548924,-0.20081036,575 (adaline_anc src/bin/adaline_anc.rs:140)
[INFO ] DATA,999,-0.24410287,-0.26170397,-0.5058068,-0.37134743,-0.13445938,0.10964349,575 (adaline_anc src/bin/adaline_anc.rs:140)
[INFO ] DATA,1002,-0.3588067,0.49264187,0.13383517,0.24188925,-0.10805409,0.25075263,575 (adaline_anc src/bin/adaline_anc.rs:140)
[INFO ] DATA,1005,-0.33062112,0.7949723,0.46435118,0.7114268,-0.24707562,0.083545506,575 (adaline_anc src/bin/adaline_anc.rs:140)
[INFO ] DATA,1008,-0.23115519,0.5342991,0.3031439,0.63662535,-0.33348146,-0.102326274,574 (adaline_anc src/bin/adaline_anc.rs:140)
[INFO ] DATA,1011,-0.16090652,0.22294126,0.06203474,0.28460956,-0.22257482,-0.06166829,575 (adaline_anc src/bin/adaline_anc.rs:140)
[INFO ] DATA,1014,-0.19435924,0.18099922,-0.0133600235,0.11152372,-0.12488374,0.0694755,575 (adaline_anc src/bin/adaline_anc.rs:140)
[INFO ] DATA,1017,-0.33944172,0.18182765,-0.15761407,0.11863723,-0.2762513,0.06319043,575 (adaline_anc src/bin/adaline_anc.rs:140)
[INFO ] DATA,1020,-0.53233886,-0.0000043988903,-0.53234327,0.03549684,-0.5678401,-0.03550124,575 (adaline_anc src/bin/adaline_anc.rs:140)
[INFO ] DATA,1023,-0.67027795,-0.18182969,-0.85210764,-0.13730712,-0.71480054,-0.044522583,575 (adaline_anc src/bin/adaline_anc.rs:140)
[INFO ] DATA,1026,-0.6656269,-0.18099128,-0.8466182,-0.19410025,-0.6525179,0.013108969,575 (adaline_anc src/bin/adaline_anc.rs:140)
[INFO ] DATA,1029,-0.49341935,-0.2229375,-0.7163569,-0.17081538,-0.5455415,-0.052122176,575 (adaline_anc src/bin/adaline_anc.rs:140)
[INFO ] DATA,1032,-0.20781015,-0.53430337,-0.74211353,-0.31087315,-0.43124038,-0.22343023,575 (adaline_anc src/bin/adaline_anc.rs:140)
[INFO ] DATA,1035,0.08148725,-0.794975,-0.71348774,-0.57455814,-0.1389296,-0.22041686,575 (adaline_anc src/bin/adaline_anc.rs:140)
[INFO ] DATA,1038,0.2609806,-0.49264365,-0.23166305,-0.53214747,0.30048442,0.039503813,575 (adaline_anc src/bin/adaline_anc.rs:140)
[INFO ] DATA,1041,0.26768717,0.2617256,0.52941275,0.018119574,0.5112932,0.243606,575 (adaline_anc src/bin/adaline_anc.rs:140)
[INFO ] DATA,1044,0.118434325,0.76942635,0.88786066,0.62367254,0.2641881,0.14575379,575 (adaline_anc src/bin/adaline_anc.rs:140)
[INFO ] DATA,1047,-0.100365326,0.65691006,0.5565447,0.72175366,-0.16520894,-0.06484361,575 (adaline_anc src/bin/adaline_anc.rs:140)
[INFO ] DATA,1050,-0.27716306,0.30000317,0.022840112,0.35409266,-0.33125255,-0.054089487,575 (adaline_anc src/bin/adaline_anc.rs:140)
[INFO ] DATA,1053,-0.33119804,0.1715172,-0.15968084,0.04211305,-0.2017939,0.12940414,575 (adaline_anc src/bin/adaline_anc.rs:140)
[INFO ] DATA,1056,-0.2514552,0.19878677,-0.052668422,0.0014849659,-0.05415339,0.1973018,575 (adaline_anc src/bin/adaline_anc.rs:140)
[INFO ] DATA,1059,-0.09913489,0.076305315,-0.022829577,-0.009144298,-0.0136852795,0.08544961,575 (adaline_anc src/bin/adaline_anc.rs:140)
[INFO ] DATA,1062,0.027288109,-0.13998096,-0.11269285,-0.13856731,0.025874466,-0.0014136434,575 (adaline_anc src/bin/adaline_anc.rs:140)
[INFO ] DATA,1065,0.04625839,-0.19497357,-0.14871518,-0.22014628,0.0714311,0.02517271,575 (adaline_anc src/bin/adaline_anc.rs:140)
[INFO ] DATA,1068,-0.06170556,-0.1816356,-0.24334116,-0.17512302,-0.06821814,-0.0065125823,575 (adaline_anc src/bin/adaline_anc.rs:140)
[INFO ] DATA,1071,-0.24118623,-0.4083478,-0.649534,-0.2283682,-0.4211658,-0.17997956,575 (adaline_anc src/bin/adaline_anc.rs:140)
[INFO ] DATA,1074,-0.38837308,-0.7516329,-1.1400061,-0.48398453,-0.65602154,-0.26764846,575 (adaline_anc src/bin/adaline_anc.rs:140)
[INFO ] DATA,1077,-0.40350127,-0.6672293,-1.0707306,-0.6018763,-0.46885425,-0.06535298,575 (adaline_anc src/bin/adaline_anc.rs:140)
[INFO ] DATA,1080,-0.2426988,0.000016751532,-0.24268205,-0.21181202,-0.030870035,0.21182877,575 (adaline_anc src/bin/adaline_anc.rs:140)
[INFO ] DATA,1083,0.05741296,0.66723055,0.7246435,0.45018062,0.2744629,0.21704996,575 (adaline_anc src/bin/adaline_anc.rs:140)
[INFO ] DATA,1086,0.39510724,0.75162965,1.1467369,0.75833654,0.38840032,-0.0067069232,575 (adaline_anc src/bin/adaline_anc.rs:140)
[INFO ] DATA,1089,0.6512139,0.40834296,1.0595568,0.5235206,0.53603625,-0.11517763,575 (adaline_anc src/bin/adaline_anc.rs:140)
[INFO ] DATA,1092,0.7454884,0.18163788,0.9271263,0.16210221,0.76502407,0.01953566,575 (adaline_anc src/bin/adaline_anc.rs:140)
[INFO ] DATA,1095,0.6730983,0.19497792,0.86807626,0.04162584,0.8264504,0.15335208,575 (adaline_anc src/bin/adaline_anc.rs:140)
[INFO ] DATA,1098,0.50323087,0.13997185,0.6432027,0.056310154,0.58689255,0.083661675,575 (adaline_anc src/bin/adaline_anc.rs:140)
[INFO ] DATA,1101,0.34084123,-0.07631386,0.26452738,-0.043330226,0.3078576,-0.03298363,575 (adaline_anc src/bin/adaline_anc.rs:140)
[INFO ] DATA,1104,0.27144837,-0.19878581,0.07266256,-0.18151268,0.25417525,-0.017273128,575 (adaline_anc src/bin/adaline_anc.rs:140)
[INFO ] DATA,1107,0.31725654,-0.17150816,0.14574838,-0.18218616,0.32793453,0.010677993,575 (adaline_anc src/bin/adaline_anc.rs:140)
[INFO ] DATA,1110,0.42703992,-0.3000037,0.12703621,-0.18635109,0.3133873,-0.11365262,575 (adaline_anc src/bin/adaline_anc.rs:140)
[INFO ] DATA,1113,0.50478345,-0.6569337,-0.15215027,-0.40777305,0.25562277,-0.24916068,575 (adaline_anc src/bin/adaline_anc.rs:140)
[INFO ] DATA,1116,0.4623233,-0.76941264,-0.30708933,-0.6295936,0.32250428,-0.13981903,575 (adaline_anc src/bin/adaline_anc.rs:140)
[INFO ] DATA,1119,0.26857728,-0.2617161,0.00686118,-0.39580095,0.40266213,0.13408485,575 (adaline_anc src/bin/adaline_anc.rs:140)
[INFO ] DATA,1122,-0.03004995,0.49264655,0.4625966,0.26588154,0.19671506,0.226765,575 (adaline_anc src/bin/adaline_anc.rs:140)
[INFO ] DATA,1125,-0.32903463,0.7949684,0.4659338,0.75767833,-0.29174453,0.037290096,575 (adaline_anc src/bin/adaline_anc.rs:140)
[INFO ] DATA,1128,-0.5153771,0.53430015,0.018923044,0.6614023,-0.64247924,-0.12710214,575 (adaline_anc src/bin/adaline_anc.rs:140)
[INFO ] DATA,1131,-0.5226686,0.22293697,-0.2997316,0.2718102,-0.5715418,-0.048873186,575 (adaline_anc src/bin/adaline_anc.rs:140)
[INFO ] DATA,1134,-0.3635958,0.18099421,-0.1826016,0.086638406,-0.26924002,0.09435579,575 (adaline_anc src/bin/adaline_anc.rs:140)
[INFO ] DATA,1137,-0.12346163,0.18182811,0.058366485,0.10065691,-0.042290427,0.0811712,575 (adaline_anc src/bin/adaline_anc.rs:140)
[INFO ] DATA,1140,0.08189626,9.178365e-7,0.08189718,0.03175012,0.050147057,-0.031749204,575 (adaline_anc src/bin/adaline_anc.rs:140)
[INFO ] DATA,1143,0.16271242,-0.18182926,-0.019116834,-0.12776187,0.10864504,-0.05406739,575 (adaline_anc src/bin/adaline_anc.rs:140)
[INFO ] DATA,1146,0.09770181,-0.18099193,-0.08329012,-0.168347,0.08505688,-0.012644932,574 (adaline_anc src/bin/adaline_anc.rs:140)
[INFO ] DATA,1149,-0.058930755,-0.22294177,-0.2818725,-0.13206506,-0.14980745,-0.0908767,575 (adaline_anc src/bin/adaline_anc.rs:140)
[INFO ] DATA,1152,-0.20900698,-0.5343022,-0.74330914,-0.2793111,-0.46399805,-0.25499105,575 (adaline_anc src/bin/adaline_anc.rs:140)
[INFO ] DATA,1155,-0.26384947,-0.79497874,-1.0588282,-0.5578462,-0.50098205,-0.23713258,575 (adaline_anc src/bin/adaline_anc.rs:140)
[INFO ] DATA,1158,-0.19209658,-0.49263895,-0.68473554,-0.52607244,-0.1586631,0.033433482,575 (adaline_anc src/bin/adaline_anc.rs:140)
[INFO ] DATA,1161,-0.037131466,0.26173517,0.22460371,0.017571036,0.20703268,0.24416414,575 (adaline_anc src/bin/adaline_anc.rs:140)
[INFO ] DATA,1164,0.104926765,0.76942325,0.87435,0.6104061,0.2639439,0.15901715,575 (adaline_anc src/bin/adaline_anc.rs:140)
[INFO ] DATA,1167,0.13553372,0.6569076,0.79244137,0.70228076,0.09016061,-0.045373112,575 (adaline_anc src/bin/adaline_anc.rs:140)
[INFO ] DATA,1170,0.0064130723,0.29999858,0.30641165,0.36327505,-0.056863397,-0.06327647,575 (adaline_anc src/bin/adaline_anc.rs:140)
[INFO ] DATA,1173,-0.25235873,0.17151427,-0.08084446,0.09402461,-0.17486908,0.07748966,575 (adaline_anc src/bin/adaline_anc.rs:140)
[INFO ] DATA,1176,-0.5437156,0.19879077,-0.3449248,0.07205475,-0.41697955,0.12673604,575 (adaline_anc src/bin/adaline_anc.rs:140)
[INFO ] DATA,1179,-0.7488876,0.07630452,-0.6725831,0.032864712,-0.7054478,0.043439806,575 (adaline_anc src/bin/adaline_anc.rs:140)
[INFO ] DATA,1182,-0.7841842,-0.1399854,-0.9241696,-0.13988128,-0.7842883,-0.00010406971,575 (adaline_anc src/bin/adaline_anc.rs:140)
[INFO ] DATA,1185,-0.6405027,-0.19497304,-0.83547574,-0.24066931,-0.59480643,0.04569626,575 (adaline_anc src/bin/adaline_anc.rs:140)
[INFO ] DATA,1188,-0.3858816,-0.18162455,-0.56750613,-0.20064415,-0.366862,0.019019604,575 (adaline_anc src/bin/adaline_anc.rs:140)
[INFO ] DATA,1191,-0.13011156,-0.40835226,-0.53846383,-0.25963092,-0.2788329,-0.14872135,575 (adaline_anc src/bin/adaline_anc.rs:140)
[INFO ] DATA,1194,0.030622602,-0.75163937,-0.72101676,-0.5200031,-0.20101368,-0.23163629,575 (adaline_anc src/bin/adaline_anc.rs:140)
[INFO ] DATA,1197,0.060709313,-0.66723514,-0.60652584,-0.6159006,0.009374738,-0.051334575,575 (adaline_anc src/bin/adaline_anc.rs:140)
[INFO ] DATA,1200,0.0000022101142,0.00003285435,0.000035064466,-0.18236162,0.18239668,0.18239447,575 (adaline_anc src/bin/adaline_anc.rs:140)
[INFO ] DATA,1203,-0.06070675,0.6672369,0.6065302,0.5000264,0.106503785,0.16721053,575 (adaline_anc src/bin/adaline_anc.rs:140)
[INFO ] DATA,1206,-0.030619055,0.75162154,0.72100246,0.7812894,-0.06028694,-0.029667884,575 (adaline_anc src/bin/adaline_anc.rs:140)
[INFO ] DATA,1209,0.13011333,0.40834874,0.53846204,0.49182358,0.04663846,-0.083474874,575 (adaline_anc src/bin/adaline_anc.rs:140)
[INFO ] DATA,1212,0.38588548,0.1816392,0.5675247,0.1075537,0.45997098,0.074085504,575 (adaline_anc src/bin/adaline_anc.rs:140)
[INFO ] DATA,1215,0.6404968,0.19497739,0.8354742,0.0026265234,0.83284765,0.19235086,575 (adaline_anc src/bin/adaline_anc.rs:140)
[INFO ] DATA,1218,0.7841871,0.13996728,0.92415434,0.03634438,0.88781,0.10362291,575 (adaline_anc src/bin/adaline_anc.rs:140)
[INFO ] DATA,1221,0.74888337,-0.07630922,0.67257416,-0.05123227,0.72380644,-0.025076926,575 (adaline_anc src/bin/adaline_anc.rs:140)
[INFO ] DATA,1224,0.5437089,-0.19878514,0.3449238,-0.18031831,0.5252421,-0.01846683,575 (adaline_anc src/bin/adaline_anc.rs:140)
[INFO ] DATA,1227,0.25235146,-0.17150824,0.080843225,-0.16941237,0.25025558,-0.0020958781,575 (adaline_anc src/bin/adaline_anc.rs:140)
[INFO ] DATA,1230,-0.0064192265,-0.3000083,-0.30642754,-0.17486049,-0.13156705,-0.12514782,575 (adaline_anc src/bin/adaline_anc.rs:140)
[INFO ] DATA,1233,-0.13553576,-0.6569302,-0.792466,-0.4123093,-0.3801567,-0.24462093,575 (adaline_anc src/bin/adaline_anc.rs:140)
[INFO ] DATA,1236,-0.104935125,-0.76942474,-0.87435985,-0.65177274,-0.22258711,-0.117651984,575 (adaline_anc src/bin/adaline_anc.rs:140)
[INFO ] DATA,1239,0.037132226,-0.2617282,-0.22459596,-0.42447662,0.19988066,0.16274843,575 (adaline_anc src/bin/adaline_anc.rs:140)
[INFO ] DATA,1242,0.19209822,0.49265844,0.68475664,0.24489844,0.4398582,0.24775998,575 (adaline_anc src/bin/adaline_anc.rs:140)
[INFO ] DATA,1245,0.2638507,0.7949744,1.058825,0.743281,0.315544,0.05169332,575 (adaline_anc src/bin/adaline_anc.rs:140)
[INFO ] DATA,1248,0.20900777,0.5342965,0.74330425,0.6632751,0.08002913,-0.12897864,575 (adaline_anc src/bin/adaline_anc.rs:140)
[INFO ] DATA,1251,0.058932684,0.22292995,0.28186265,0.28834772,-0.0064850748,-0.06541776,575 (adaline_anc src/bin/adaline_anc.rs:140)
[INFO ] DATA,1254,-0.09769966,0.18099783,0.08329818,0.10045912,-0.017160945,0.08053871,575 (adaline_anc src/bin/adaline_anc.rs:140)
[INFO ] DATA,1257,-0.16271074,0.18182813,0.019117385,0.10508475,-0.08596736,0.07674338,575 (adaline_anc src/bin/adaline_anc.rs:140)
[INFO ] DATA,1260,-0.08188841,-0.0000074983477,-0.0818959,0.020559907,-0.10245581,-0.020567402,575 (adaline_anc src/bin/adaline_anc.rs:140)
[INFO ] DATA,1263,0.1234679,-0.18182923,-0.05836133,-0.15085772,0.09249639,-0.030971512,575 (adaline_anc src/bin/adaline_anc.rs:140)
[INFO ] DATA,1266,0.36359107,-0.18098834,0.18260273,-0.1910725,0.37367523,0.010084152,575 (adaline_anc src/bin/adaline_anc.rs:140)
[INFO ] DATA,1269,0.5226742,-0.22293893,0.29973528,-0.14781776,0.44755304,-0.075121164,575 (adaline_anc src/bin/adaline_anc.rs:140)
[INFO ] DATA,1272,0.51537603,-0.5343059,-0.01892984,-0.2950806,0.27615076,-0.23922527,575 (adaline_anc src/bin/adaline_anc.rs:140)
[INFO ] DATA,1275,0.32903135,-0.7949728,-0.46594143,-0.5702055,0.10426408,-0.22476727,575 (adaline_anc src/bin/adaline_anc.rs:140)
[INFO ] DATA,1278,0.030044012,-0.49264175,-0.46259773,-0.5091766,0.046578884,0.016534872,575 (adaline_anc src/bin/adaline_anc.rs:140)
[INFO ] DATA,1281,-0.26858324,0.26172307,-0.006860167,0.065040976,-0.07190114,0.1966821,575 (adaline_anc src/bin/adaline_anc.rs:140)
[INFO ] DATA,1284,-0.4623307,0.7694254,0.3070947,0.6599254,-0.3528307,0.10949999,575 (adaline_anc src/bin/adaline_anc.rs:140)
[INFO ] DATA,1287,-0.50479263,0.656927,0.15213436,0.71505153,-0.5629172,-0.058124542,575 (adaline_anc src/bin/adaline_anc.rs:140)
[INFO ] DATA,1290,-0.42703947,0.3000031,-0.12703636,0.34845057,-0.47548693,-0.04844746,575 (adaline_anc src/bin/adaline_anc.rs:140)
[INFO ] DATA,1293,-0.31725615,0.17150533,-0.14575082,0.099721186,-0.24547201,0.07178414,575 (adaline_anc src/bin/adaline_anc.rs:140)
[INFO ] DATA,1296,-0.27144986,0.19878767,-0.07266219,0.10846829,-0.18113047,0.090319395,575 (adaline_anc src/bin/adaline_anc.rs:140)
[INFO ] DATA,1299,-0.34084296,0.07630798,-0.26453498,0.07970601,-0.344241,-0.003398031,575 (adaline_anc src/bin/adaline_anc.rs:140)
[INFO ] DATA,1302,-0.5032322,-0.13998263,-0.6432148,-0.09945074,-0.5437641,-0.040531933,575 (adaline_anc src/bin/adaline_anc.rs:140)
[INFO ] DATA,1305,-0.6730982,-0.19497032,-0.8680685,-0.2055297,-0.6625388,0.01055938,575 (adaline_anc src/bin/adaline_anc.rs:140)
[INFO ] DATA,1308,-0.7454876,-0.18163309,-0.9271207,-0.17027113,-0.7568495,-0.011361957,575 (adaline_anc src/bin/adaline_anc.rs:140)
[INFO ] DATA,1311,-0.65120846,-0.40835202,-1.0595605,-0.24831112,-0.81124943,-0.16004097,575 (adaline_anc src/bin/adaline_anc.rs:140)
[INFO ] DATA,1314,-0.39510006,-0.75163424,-1.1467342,-0.5345056,-0.61222863,-0.21712857,575 (adaline_anc src/bin/adaline_anc.rs:140)
[INFO ] DATA,1317,-0.057416804,-0.6672278,-0.7246446,-0.646726,-0.07791859,-0.020501785,575 (adaline_anc src/bin/adaline_anc.rs:140)
[INFO ] DATA,1320,0.24271436,0.000019965468,0.24273433,-0.20937686,0.45211118,0.20939682,575 (adaline_anc src/bin/adaline_anc.rs:140)
[INFO ] DATA,1323,0.4035038,0.66723204,1.0707358,0.47993642,0.5907994,0.18729559,575 (adaline_anc src/bin/adaline_anc.rs:140)
[INFO ] DATA,1326,0.3883718,0.75162673,1.1399986,0.7675585,0.37244004,-0.015931755,575 (adaline_anc src/bin/adaline_anc.rs:140)
[INFO ] DATA,1329,0.24118334,0.40834153,0.64952487,0.4886541,0.16087076,-0.08031258,575 (adaline_anc src/bin/adaline_anc.rs:140)
[INFO ] DATA,1332,0.061701834,0.18164039,0.24334222,0.11055409,0.13278812,0.07108629,575 (adaline_anc src/bin/adaline_anc.rs:140)
[INFO ] DATA,1335,-0.046261966,0.1949801,0.14871813,0.007902132,0.140816,0.18707797,575 (adaline_anc src/bin/adaline_anc.rs:140)
[INFO ] DATA,1338,-0.027292252,0.13997002,0.11267777,0.02112407,0.091553695,0.11884595,575 (adaline_anc src/bin/adaline_anc.rs:140)
[INFO ] DATA,1341,0.0991352,-0.076316625,0.022818573,-0.0955315,0.11835007,0.019214876,575 (adaline_anc src/bin/adaline_anc.rs:140)
[INFO ] DATA,1344,0.25145066,-0.1987849,0.052665755,-0.22780006,0.2804658,0.029015154,575 (adaline_anc src/bin/adaline_anc.rs:140)
[INFO ] DATA,1347,0.3311947,-0.17150512,0.15968958,-0.20181735,0.36150694,0.03031224,575 (adaline_anc src/bin/adaline_anc.rs:140)
[INFO ] DATA,1350,0.2771603,-0.30000377,-0.02284348,-0.19118969,0.16834621,-0.108814076,575 (adaline_anc src/bin/adaline_anc.rs:140)
[INFO ] DATA,1353,0.10035537,-0.65693676,-0.5565814,-0.4184655,-0.13811588,-0.23847125,575 (adaline_anc src/bin/adaline_anc.rs:140)
[INFO ] DATA,1356,-0.118437484,-0.7694188,-0.88785625,-0.6393049,-0.24855137,-0.13011388,575 (adaline_anc src/bin/adaline_anc.rs:140)
[INFO ] DATA,1359,-0.2676881,-0.2617132,-0.5294013,-0.38608986,-0.14331144,0.124376655,575 (adaline_anc src/bin/adaline_anc.rs:140)
[INFO ] DATA,1362,-0.26097843,0.49264848,0.23167005,0.29334727,-0.061677217,0.19930121,575 (adaline_anc src/bin/adaline_anc.rs:140)
[INFO ] DATA,1365,-0.08148146,0.7949717,0.71349025,0.7642269,-0.050736666,0.030744791,575 (adaline_anc src/bin/adaline_anc.rs:140)
[INFO ] DATA,1368,0.20781057,0.53429765,0.7421082,0.6387614,0.103346825,-0.10446374,575 (adaline_anc src/bin/adaline_anc.rs:140)
[INFO ] DATA,1371,0.49343657,0.22293834,0.71637493,0.2533514,0.46302354,-0.030413032,575 (adaline_anc src/bin/adaline_anc.rs:140)
[INFO ] DATA,1374,0.6656296,0.18099715,0.84662676,0.08301725,0.7636095,0.0979799,575 (adaline_anc src/bin/adaline_anc.rs:140)
[INFO ] DATA,1377,0.67028105,0.18182622,0.8521073,0.11163581,0.7404715,0.07019043,575 (adaline_anc src/bin/adaline_anc.rs:140)
[INFO ] DATA,1380,0.532339,-0.0000021816209,0.5323368,0.045208726,0.48712805,-0.045210928,574 (adaline_anc src/bin/adaline_anc.rs:140)
[INFO ] DATA,1383,0.33944398,-0.18182975,0.15761423,-0.12896954,0.28658378,-0.0528602,575 (adaline_anc src/bin/adaline_anc.rs:140)
[INFO ] DATA,1386,0.19435492,-0.18099637,0.013358548,-0.1770885,0.19044705,-0.003907874,575 (adaline_anc src/bin/adaline_anc.rs:140)
[INFO ] DATA,1389,0.16090542,-0.22294044,-0.062035024,-0.14806978,0.08603476,-0.07487066,575 (adaline_anc src/bin/adaline_anc.rs:140)
[INFO ] DATA,1392,0.23115286,-0.5343048,-0.30315194,-0.32135615,0.018204212,-0.21294865,575 (adaline_anc src/bin/adaline_anc.rs:140)
[INFO ] DATA,1395,0.33061868,-0.79498094,-0.46436226,-0.62227,0.15790772,-0.17271096,575 (adaline_anc src/bin/adaline_anc.rs:140)
[INFO ] DATA,1398,0.35880223,-0.492637,-0.13383478,-0.5616125,0.4277777,0.06897548,575 (adaline_anc src/bin/adaline_anc.rs:140)
[INFO ] DATA,1401,0.24409625,0.26173806,0.50583434,0.040278144,0.4655562,0.22145995,575 (adaline_anc src/bin/adaline_anc.rs:140)
[INFO ] DATA,1404,-0.015329868,0.76942235,0.75409245,0.66562295,0.088469505,0.10379937,575 (adaline_anc src/bin/adaline_anc.rs:140)
[INFO ] DATA,1407,-0.34588388,0.6569204,0.3110365,0.74214447,-0.43110797,-0.08522409,575 (adaline_anc src/bin/adaline_anc.rs:140)
[INFO ] DATA,1410,-0.6316233,0.29999852,-0.3316248,0.37336683,-0.70499164,-0.07336831,575 (adaline_anc src/bin/adaline_anc.rs:140)
[INFO ] DATA,1413,-0.7694268,0.17151728,-0.59790957,0.112614825,-0.7105244,0.058902442,575 (adaline_anc src/bin/adaline_anc.rs:140)
[INFO ] DATA,1416,-0.7187383,0.19878793,-0.5199504,0.1118589,-0.6318093,0.08692902,575 (adaline_anc src/bin/adaline_anc.rs:140)
[INFO ] DATA,1419,-0.52060384,0.076301746,-0.44430208,0.06844611,-0.5127482,0.007855654,575 (adaline_anc src/bin/adaline_anc.rs:140)
[INFO ] DATA,1422,-0.27648187,-0.13998003,-0.41646188,-0.11466199,-0.3017999,-0.025318027,575 (adaline_anc src/bin/adaline_anc.rs:140)
[INFO ] DATA,1425,-0.097732365,-0.19497086,-0.2927032,-0.20915009,-0.08355312,0.014179245,575 (adaline_anc src/bin/adaline_anc.rs:140)
[INFO ] DATA,1428,-0.051189035,-0.1816417,-0.23283073,-0.15401892,-0.07881181,-0.027622774,575 (adaline_anc src/bin/adaline_anc.rs:140)
[INFO ] DATA,1431,-0.12856531,-0.40835372,-0.536919,-0.22109789,-0.3158211,-0.1872558,575 (adaline_anc src/bin/adaline_anc.rs:140)
[INFO ] DATA,1434,-0.25467905,-0.7516307,-1.0063097,-0.5041736,-0.5021362,-0.24745712,575 (adaline_anc src/bin/adaline_anc.rs:140)
[INFO ] DATA,1437,-0.33001047,-0.6672224,-0.99723285,-0.60769343,-0.38953942,-0.059528947,575 (adaline_anc src/bin/adaline_anc.rs:140)
[INFO ] DATA,1440,-0.2853143,0.000023861256,-0.28529042,-0.1695523,-0.11573812,0.16957617,575 (adaline_anc src/bin/adaline_anc.rs:140)
[INFO ] DATA,1443,-0.12012705,0.6672375,0.54711044,0.50028616,0.046824276,0.16695133,575 (adaline_anc src/bin/adaline_anc.rs:140)
[INFO ] DATA,1446,0.09497793,0.7516186,0.84659654,0.74899393,0.097602606,0.0026246756,575 (adaline_anc src/bin/adaline_anc.rs:140)
[INFO ] DATA,1449,0.25355023,0.4083398,0.66189003,0.45939556,0.20249447,-0.05105576,575 (adaline_anc src/bin/adaline_anc.rs:140)
[INFO ] DATA,1452,0.26818728,0.18164164,0.44982892,0.120699145,0.3291298,0.0609425,575 (adaline_anc src/bin/adaline_anc.rs:140)
[INFO ] DATA,1455,0.1169181,0.19497956,0.31189767,0.059767734,0.25212994,0.13521184,575 (adaline_anc src/bin/adaline_anc.rs:140)
[INFO ] DATA,1458,-0.1426639,0.13997248,-0.002691418,0.076943,-0.07963442,0.063029476,575 (adaline_anc src/bin/adaline_anc.rs:140)
[INFO ] DATA,1461,-0.39923918,-0.07631198,-0.47555116,-0.06934096,-0.40621018,-0.0069710016,575 (adaline_anc src/bin/adaline_anc.rs:140)
[INFO ] DATA,1464,-0.54060173,-0.1987842,-0.73938596,-0.22618937,-0.5131966,0.027405143,575 (adaline_anc src/bin/adaline_anc.rs:140)
[INFO ] DATA,1467,-0.50720894,-0.17150523,-0.67871416,-0.21388662,-0.46482754,0.042381406,575 (adaline_anc src/bin/adaline_anc.rs:140)
[INFO ] DATA,1470,-0.3194097,-0.30000836,-0.619418,-0.21991168,-0.39950633,-0.08009663,575 (adaline_anc src/bin/adaline_anc.rs:140)
[INFO ] DATA,1473,-0.06485741,-0.65693325,-0.7217907,-0.46502897,-0.2567617,-0.19190429,575 (adaline_anc src/bin/adaline_anc.rs:140)
[INFO ] DATA,1476,0.14710736,-0.7694257,-0.6223183,-0.68962926,0.06731093,-0.07979643,575 (adaline_anc src/bin/adaline_anc.rs:140)
[INFO ] DATA,1479,0.24086441,-0.26172534,-0.020860925,-0.40863055,0.38776964,0.14690523,575 (adaline_anc src/bin/adaline_anc.rs:140)
[INFO ] DATA,1482,0.21123146,0.49266034,0.7038918,0.30421403,0.39967778,0.18844633,575 (adaline_anc src/bin/adaline_anc.rs:140)
[INFO ] DATA,1485,0.12315536,0.7949722,0.91812754,0.78660685,0.13152069,0.008365326,575 (adaline_anc src/bin/adaline_anc.rs:140)
[INFO ] DATA,1488,0.074609846,0.53429395,0.60890377,0.64179265,-0.03288889,-0.107498735,575 (adaline_anc src/bin/adaline_anc.rs:140)
[INFO ] DATA,1491,0.14220375,0.22293131,0.36513507,0.21949811,0.14563696,0.0034332126,575 (adaline_anc src/bin/adaline_anc.rs:140)
[INFO ] DATA,1494,0.33756018,0.18100077,0.51856095,0.029613711,0.48894724,0.15138707,575 (adaline_anc src/bin/adaline_anc.rs:140)
[INFO ] DATA,1497,0.5973223,0.1818276,0.7791499,0.057181016,0.7219689,0.124646604,575 (adaline_anc src/bin/adaline_anc.rs:140)
[INFO ] DATA,1500,0.81213164,-0.000010597805,0.81212103,0.0012450153,0.810876,-0.0012556314,575 (adaline_anc src/bin/adaline_anc.rs:140)
[INFO ] DATA,1503,0.8803789,-0.18182975,0.69854915,-0.15479459,0.8533437,-0.027035177,575 (adaline_anc src/bin/adaline_anc.rs:140)
[INFO ] DATA,1506,0.7592591,-0.18098545,0.57827365,-0.1808524,0.75912607,-0.00013303757,575 (adaline_anc src/bin/adaline_anc.rs:140)
[INFO ] DATA,1509,0.4873865,-0.22293325,0.26445323,-0.13376355,0.39821678,-0.08916971,575 (adaline_anc src/bin/adaline_anc.rs:140)
[INFO ] DATA,1512,0.1671556,-0.53431356,-0.36715797,-0.30413505,-0.06302291,-0.2301785,575 (adaline_anc src/bin/adaline_anc.rs:140)
[INFO ] DATA,1515,-0.08415559,-0.794975,-0.8791306,-0.607657,-0.2714736,-0.187318,575 (adaline_anc src/bin/adaline_anc.rs:140)
[INFO ] DATA,1518,-0.19015977,-0.4926398,-0.6827996,-0.55148757,-0.13131201,0.058847755,575 (adaline_anc src/bin/adaline_anc.rs:140)
[INFO ] DATA,1521,-0.14982289,0.26174217,0.111919284,0.04508355,0.06683573,0.21665862,575 (adaline_anc src/bin/adaline_anc.rs:140)
[INFO ] DATA,1524,-0.033534728,0.76942444,0.73588973,0.65944266,0.07644707,0.1099818,575 (adaline_anc src/bin/adaline_anc.rs:140)
[INFO ] DATA,1527,0.05670041,0.65692395,0.71362436,0.72960997,-0.015985608,-0.07268602,575 (adaline_anc src/bin/adaline_anc.rs:140)
[INFO ] DATA,1530,0.042336747,0.30000305,0.3423398,0.38383046,-0.041490644,-0.08382739,575 (adaline_anc src/bin/adaline_anc.rs:140)
[INFO ] DATA,1533,-0.08984989,0.17150837,0.08165848,0.14897569,-0.0673172,0.022532687,575 (adaline_anc src/bin/adaline_anc.rs:140)
[INFO ] DATA,1536,-0.280562,0.19878863,-0.081773385,0.15646899,-0.23824237,0.04231964,575 (adaline_anc src/bin/adaline_anc.rs:140)
[INFO ] DATA,1539,-0.42919868,0.07630522,-0.35289347,0.105621174,-0.45851463,-0.029315948,575 (adaline_anc src/bin/adaline_anc.rs:140)
[INFO ] DATA,1542,-0.44733486,-0.13998447,-0.5873193,-0.098201655,-0.48911765,-0.041782796,575 (adaline_anc src/bin/adaline_anc.rs:140)
[INFO ] DATA,1545,-0.30701295,-0.19497679,-0.5019897,-0.20886791,-0.2931218,0.013891131,575 (adaline_anc src/bin/adaline_anc.rs:140)
[INFO ] DATA,1548,-0.058704406,-0.1816307,-0.2403351,-0.16419171,-0.0761434,-0.017438993,575 (adaline_anc src/bin/adaline_anc.rs:140)
[INFO ] DATA,1551,0.19047809,-0.40834796,-0.21786988,-0.24410988,0.026240006,-0.16423808,575 (adaline_anc src/bin/adaline_anc.rs:140)
[INFO ] DATA,1554,0.327909,-0.7516372,-0.42372823,-0.5400091,0.116280854,-0.21162814,575 (adaline_anc src/bin/adaline_anc.rs:140)
[INFO ] DATA,1557,0.28996858,-0.6672292,-0.3772606,-0.6305393,0.2532787,-0.036689878,575 (adaline_anc src/bin/adaline_anc.rs:140)
[INFO ] DATA,1560,0.09270771,-0.000005812295,0.0927019,-0.15621282,0.24891472,0.15620701,575 (adaline_anc src/bin/adaline_anc.rs:140)
[INFO ] DATA,1563,-0.17693534,0.66723263,0.4902973,0.53692794,-0.04663065,0.1303047,575 (adaline_anc src/bin/adaline_anc.rs:140)
[INFO ] DATA,1566,-0.4046502,0.75162375,0.34697354,0.7791537,-0.43218017,-0.027529955,575 (adaline_anc src/bin/adaline_anc.rs:140)
[INFO ] DATA,1569,-0.50506365,0.40834004,-0.096723616,0.4576707,-0.5543943,-0.04933065,575 (adaline_anc src/bin/adaline_anc.rs:140)
[INFO ] DATA,1572,-0.46213016,0.1816428,-0.28048736,0.108063735,-0.3885511,0.07357907,575 (adaline_anc src/bin/adaline_anc.rs:140)
[INFO ] DATA,1575,-0.33344063,0.19498228,-0.13845836,0.063551836,-0.20201018,0.13143045,574 (adaline_anc src/bin/adaline_anc.rs:140)
[INFO ] DATA,1578,-0.2167099,0.13997522,-0.07673468,0.085275784,-0.16201046,0.054699436,575 (adaline_anc src/bin/adaline_anc.rs:140)
[INFO ] DATA,1581,-0.1958394,-0.07631939,-0.2721588,-0.06303108,-0.20912772,-0.013288319,575 (adaline_anc src/bin/adaline_anc.rs:140)
[INFO ] DATA,1584,-0.29468942,-0.19878729,-0.4934767,-0.21326093,-0.28021574,0.014473677,575 (adaline_anc src/bin/adaline_anc.rs:140)
[INFO ] DATA,1587,-0.4624401,-0.1715021,-0.6339422,-0.18782659,-0.4461156,0.01632449,575 (adaline_anc src/bin/adaline_anc.rs:140)
[INFO ] DATA,1590,-0.5983343,-0.30000383,-0.89833814,-0.19138345,-0.7069547,-0.108620405,575 (adaline_anc src/bin/adaline_anc.rs:140)
[INFO ] DATA,1593,-0.6032747,-0.6569418,-1.2602165,-0.44518584,-0.81503063,-0.21175593,575 (adaline_anc src/bin/adaline_anc.rs:140)
[INFO ] DATA,1596,-0.43207502,-0.76941967,-1.2014947,-0.6800612,-0.5214335,-0.08935845,574 (adaline_anc src/bin/adaline_anc.rs:140)
[INFO ] DATA,1599,-0.119369134,-0.26171035,-0.3810795,-0.41111526,0.030035764,0.1494049,575 (adaline_anc src/bin/adaline_anc.rs:140)
[INFO ] DATA,1602,0.23405588,0.4926504,0.72670627,0.28885385,0.4378524,0.20379654,575 (adaline_anc src/bin/adaline_anc.rs:140)
[INFO ] DATA,1605,0.50824356,0.79496956,1.3032131,0.75471276,0.54850036,0.0402568,575 (adaline_anc src/bin/adaline_anc.rs:140)
[INFO ] DATA,1608,0.6205276,0.5342951,1.1548227,0.6160004,0.5388223,-0.08170533,575 (adaline_anc src/bin/adaline_anc.rs:140)
[INFO ] DATA,1611,0.5633654,0.22294404,0.7863094,0.21894884,0.5673606,0.00399518,575 (adaline_anc src/bin/adaline_anc.rs:140)
[INFO ] DATA,1614,0.40455863,0.18100007,0.5855587,0.043431915,0.5421268,0.13756815,575 (adaline_anc src/bin/adaline_anc.rs:140)
[INFO ] DATA,1617,0.25014663,0.18182571,0.43197232,0.06516592,0.3668064,0.11665976,575 (adaline_anc src/bin/adaline_anc.rs:140)
[INFO ] DATA,1620,0.18910244,-0.0000052810783,0.18909717,-0.017704261,0.20680143,0.017698988,575 (adaline_anc src/bin/adaline_anc.rs:140)
[INFO ] DATA,1623,0.24822043,-0.18183023,0.0663902,-0.19330774,0.25969794,0.011477515,575 (adaline_anc src/bin/adaline_anc.rs:140)
[INFO ] DATA,1626,0.38009408,-0.18099341,0.19910067,-0.22233295,0.42143363,0.041339546,575 (adaline_anc src/bin/adaline_anc.rs:140)
[INFO ] DATA,1629,0.4900959,-0.22293474,0.2671612,-0.1729865,0.4401477,-0.049948215,575 (adaline_anc src/bin/adaline_anc.rs:140)
[INFO ] DATA,1632,0.48837525,-0.53431237,-0.04593712,-0.34194064,0.29600352,-0.19237173,575 (adaline_anc src/bin/adaline_anc.rs:140)
[INFO ] DATA,1635,0.33983147,-0.7949831,-0.45515162,-0.63669056,0.18153894,-0.15829253,575 (adaline_anc src/bin/adaline_anc.rs:140)
[INFO ] DATA,1638,0.08613016,-0.49263507,-0.40650493,-0.54785496,0.14135003,0.055219874,575 (adaline_anc src/bin/adaline_anc.rs:140)
[INFO ] DATA,1641,-0.17189331,0.26175717,0.08986385,0.08453919,0.0053246617,0.17721798,575 (adaline_anc src/bin/adaline_anc.rs:140)
[INFO ] DATA,1644,-0.322831,0.76942146,0.44659045,0.70780736,-0.2612169,0.061614096,575 (adaline_anc src/bin/adaline_anc.rs:140)
[INFO ] DATA,1647,-0.29994035,0.6569173,0.35697693,0.7462308,-0.38925385,-0.08931351,575 (adaline_anc src/bin/adaline_anc.rs:140)
[INFO ] DATA,1650,-0.11479975,0.29999846,0.18519871,0.3600293,-0.1748306,-0.060030848,575 (adaline_anc src/bin/adaline_anc.rs:140)
[INFO ] DATA,1653,0.14754713,0.17151146,0.3190586,0.11418054,0.20487806,0.057330936,575 (adaline_anc src/bin/adaline_anc.rs:140)
[INFO ] DATA,1656,0.3698217,0.19878888,0.56861055,0.13324374,0.4353668,0.06554511,575 (adaline_anc src/bin/adaline_anc.rs:140)
[INFO ] DATA,1659,0.45913512,0.07629898,0.5354341,0.10966864,0.42576548,-0.03336963,575 (adaline_anc src/bin/adaline_anc.rs:140)
[INFO ] DATA,1662,0.39066064,-0.13997486,0.25068578,-0.07350026,0.32418603,-0.06647462,575 (adaline_anc src/bin/adaline_anc.rs:140)
[INFO ] DATA,1665,0.2163993,-0.19497408,0.021425217,-0.17656608,0.1979913,-0.018408,575 (adaline_anc src/bin/adaline_anc.rs:140)
[INFO ] DATA,1668,0.03506513,-0.18162951,-0.14656438,-0.13083123,-0.015733153,-0.050798282,575 (adaline_anc src/bin/adaline_anc.rs:140)
[INFO ] DATA,1671,-0.06115946,-0.40835518,-0.46951464,-0.22565114,-0.2438635,-0.18270403,575 (adaline_anc src/bin/adaline_anc.rs:140)
[INFO ] DATA,1674,-0.03542395,-0.75163203,-0.78705597,-0.54561955,-0.24143642,-0.20601247,575 (adaline_anc src/bin/adaline_anc.rs:140)
[INFO ] DATA,1677,0.07449119,-0.667234,-0.5927428,-0.6566958,0.06395298,-0.0105382055,575 (adaline_anc src/bin/adaline_anc.rs:140)
[INFO ] DATA,1680,0.17633884,-0.000018701177,0.17632014,-0.18837744,0.36469758,0.18835874,575 (adaline_anc src/bin/adaline_anc.rs:140)
[INFO ] DATA,1683,0.1727156,0.667238,0.8399536,0.5100716,0.32988203,0.15716642,575 (adaline_anc src/bin/adaline_anc.rs:140)
[INFO ] DATA,1686,0.014116079,0.75162894,0.76574504,0.7707693,-0.0050242543,-0.019140333,575 (adaline_anc src/bin/adaline_anc.rs:140)
[INFO ] DATA,1689,-0.27168983,0.40834588,0.13665605,0.48097178,-0.34431574,-0.072625905,575 (adaline_anc src/bin/adaline_anc.rs:140)
[INFO ] DATA,1692,-0.5893133,0.18163423,-0.40767908,0.15260601,-0.5602851,0.029028237,575 (adaline_anc src/bin/adaline_anc.rs:140)
[INFO ] DATA,1695,-0.81994903,0.19497634,-0.6249727,0.11056055,-0.73553324,0.08441579,575 (adaline_anc src/bin/adaline_anc.rs:140)
[INFO ] DATA,1698,-0.8781831,0.1399708,-0.73821235,0.10720587,-0.8454182,0.03276491,575 (adaline_anc src/bin/adaline_anc.rs:140)
[INFO ] DATA,1701,-0.75258815,-0.07631592,-0.8289041,-0.07481358,-0.7540905,-0.0015023351,575 (adaline_anc src/bin/adaline_anc.rs:140)
[INFO ] DATA,1704,-0.50991964,-0.19878328,-0.7087029,-0.2350431,-0.4736598,0.03625983,575 (adaline_anc src/bin/adaline_anc.rs:140)
[INFO ] DATA,1707,-0.2607729,-0.17151107,-0.432284,-0.2026542,-0.2296298,0.031143114,575 (adaline_anc src/bin/adaline_anc.rs:140)
[INFO ] DATA,1710,-0.104418755,-0.29999924,-0.404418,-0.19623049,-0.2081875,-0.10376875,575 (adaline_anc src/bin/adaline_anc.rs:140)
[INFO ] DATA,1713,-0.08063911,-0.65693635,-0.7375755,-0.44283596,-0.2947395,-0.2141004,575 (adaline_anc src/bin/adaline_anc.rs:140)
[INFO ] DATA,1716,-0.15305215,-0.7694265,-0.9224787,-0.6588139,-0.26366478,-0.11061263,575 (adaline_anc src/bin/adaline_anc.rs:140)
[INFO ] DATA,1719,-0.23196861,-0.26170623,-0.49367484,-0.36381146,-0.12986338,0.10210523,575 (adaline_anc src/bin/adaline_anc.rs:140)
[INFO ] DATA,1722,-0.22468533,0.49264765,0.26796234,0.339649,-0.071686655,0.15299867,575 (adaline_anc src/bin/adaline_anc.rs:140)
[INFO ] DATA,1725,-0.08707926,0.79497004,0.70789075,0.7727218,-0.06483108,0.022248179,575 (adaline_anc src/bin/adaline_anc.rs:140)
[INFO ] DATA,1728,0.15020062,0.5342863,0.6844869,0.5857098,0.098777115,-0.051423505,575 (adaline_anc src/bin/adaline_anc.rs:140)
[INFO ] DATA,1731,0.39473987,0.22293697,0.61767685,0.18204053,0.43563634,0.040896475,575 (adaline_anc src/bin/adaline_anc.rs:140)
[INFO ] DATA,1734,0.53817725,0.18101096,0.7191882,0.03828843,0.6808998,0.14272255,575 (adaline_anc src/bin/adaline_anc.rs:140)
[INFO ] DATA,1737,0.5114927,0.18182711,0.69331986,0.08415532,0.60916454,0.09767181,575 (adaline_anc src/bin/adaline_anc.rs:140)
[INFO ] DATA,1740,0.3216058,-0.000012171382,0.32159364,0.0035221716,0.31807148,-0.003534317,575 (adaline_anc src/bin/adaline_anc.rs:140)
[INFO ] DATA,1743,0.050372466,-0.18182884,-0.13145638,-0.17993347,0.0484771,-0.0018953681,575 (adaline_anc src/bin/adaline_anc.rs:140)
[INFO ] DATA,1746,-0.18374336,-0.18098256,-0.36472592,-0.21346095,-0.15126497,0.032478392,575 (adaline_anc src/bin/adaline_anc.rs:140)
[INFO ] DATA,1749,-0.2823395,-0.22293189,-0.50527143,-0.1757436,-0.32952785,-0.04718834,575 (adaline_anc src/bin/adaline_anc.rs:140)
[INFO ] DATA,1752,-0.21337181,-0.53431606,-0.7476879,-0.36475614,-0.38293174,-0.16955993,575 (adaline_anc src/bin/adaline_anc.rs:140)
[INFO ] DATA,1755,-0.02414288,-0.79497176,-0.8191146,-0.67783064,-0.14128399,-0.11714111,575 (adaline_anc src/bin/adaline_anc.rs:140)
[INFO ] DATA,1758,0.18543515,-0.49263787,-0.30720273,-0.59304506,0.28584233,0.10040718,575 (adaline_anc src/bin/adaline_anc.rs:140)
[INFO ] DATA,1761,0.31519914,0.26174504,0.5769442,0.055615414,0.52132875,0.20612961,575 (adaline_anc src/bin/adaline_anc.rs:140)
[INFO ] DATA,1764,0.3159895,0.7694326,1.085422,0.69707215,0.3883499,0.0723604,575 (adaline_anc src/bin/adaline_anc.rs:140)
[INFO ] DATA,1767,0.21348299,0.6569189,0.87040186,0.7528613,0.11754054,-0.09594245,575 (adaline_anc src/bin/adaline_anc.rs:140)
[INFO ] DATA,1770,0.09263033,0.30000305,0.39263338,0.36505163,0.027581751,-0.065048575,575 (adaline_anc src/bin/adaline_anc.rs:140)
[INFO ] DATA,1773,0.050895154,0.17151137,0.22240652,0.095734775,0.12667175,0.07577659,575 (adaline_anc src/bin/adaline_anc.rs:140)
[INFO ] DATA,1776,0.14453056,0.19878621,0.3433168,0.09473366,0.24858314,0.10405257,575 (adaline_anc src/bin/adaline_anc.rs:140)
[INFO ] DATA,1779,0.3556608,0.07630246,0.43196326,0.062632926,0.36933035,0.01366955,575 (adaline_anc src/bin/adaline_anc.rs:140)
[INFO ] DATA,1782,0.5975386,-0.13997942,0.45755917,-0.11472982,0.572289,-0.0252496,575 (adaline_anc src/bin/adaline_anc.rs:140)
[INFO ] DATA,1785,0.7556579,-0.19497462,0.5606833,-0.2027515,0.7634348,0.007776916,575 (adaline_anc src/bin/adaline_anc.rs:140)
[INFO ] DATA,1788,0.74409676,-0.18163794,0.5624588,-0.13750675,0.6999656,-0.04413116,575 (adaline_anc src/bin/adaline_anc.rs:140)
[INFO ] DATA,1791,0.5486172,-0.40834936,0.14026782,-0.21898504,0.35925287,-0.18936431,575 (adaline_anc src/bin/adaline_anc.rs:140)
[INFO ] DATA,1794,0.23463947,-0.75164014,-0.5170007,-0.53132766,0.01432699,-0.22031248,575 (adaline_anc src/bin/adaline_anc.rs:140)
[INFO ] DATA,1797,-0.08402853,-0.66721636,-0.7512449,-0.62855977,-0.122685134,-0.038656607,575 (adaline_anc src/bin/adaline_anc.rs:140)
[INFO ] DATA,1800,-0.30000252,0.000014186309,-0.29998833,-0.15201645,-0.14797188,0.15203063,575 (adaline_anc src/bin/adaline_anc.rs:140)
[INFO ] DATA,1803,-0.3629138,0.6672313,0.30431753,0.5393982,-0.23508066,0.12783313,575 (adaline_anc src/bin/adaline_anc.rs:140)
[INFO ] DATA,1806,-0.30049175,0.75162077,0.45112902,0.77367795,-0.32254893,-0.022057176,575 (adaline_anc src/bin/adaline_anc.rs:140)
[INFO ] DATA,1809,-0.19977191,0.40833658,0.20856467,0.47316492,-0.26460025,-0.064828336,575 (adaline_anc src/bin/adaline_anc.rs:140)
[INFO ] DATA,1812,-0.15854916,0.18164529,0.02309613,0.17136769,-0.14827156,0.010277599,575 (adaline_anc src/bin/adaline_anc.rs:140)
[INFO ] DATA,1815,-0.23216382,0.19497581,-0.03718801,0.15741189,-0.1945999,0.03756392,575 (adaline_anc src/bin/adaline_anc.rs:140)
[INFO ] DATA,1818,-0.40318432,0.1399734,-0.26321092,0.16526234,-0.42847326,-0.02528894,575 (adaline_anc src/bin/adaline_anc.rs:140)
[INFO ] DATA,1821,-0.5896062,-0.076310106,-0.6659163,-0.025550239,-0.6403661,-0.050759852,575 (adaline_anc src/bin/adaline_anc.rs:140)
[INFO ] DATA,1824,-0.6874222,-0.19878303,-0.88620526,-0.20247522,-0.68373,0.0036922097,575 (adaline_anc src/bin/adaline_anc.rs:140)
[INFO ] DATA,1827,-0.625733,-0.17151114,-0.7972442,-0.18483606,-0.61240816,0.013324857,575 (adaline_anc src/bin/adaline_anc.rs:140)
[INFO ] DATA,1830,-0.4061165,-0.30001307,-0.70612955,-0.19889034,-0.5072392,-0.10112274,575 (adaline_anc src/bin/adaline_anc.rs:140)
[INFO ] DATA,1833,-0.10568079,-0.65693086,-0.7626116,-0.46975908,-0.29285255,-0.18717176,575 (adaline_anc src/bin/adaline_anc.rs:140)
[INFO ] DATA,1836,0.15810348,-0.7694297,-0.6113262,-0.698672,0.08734578,-0.0707577,575 (adaline_anc src/bin/adaline_anc.rs:140)
[INFO ] DATA,1839,0.2833054,-0.26170748,0.021597922,-0.38972375,0.41132167,0.12801626,575 (adaline_anc src/bin/adaline_anc.rs:140)
[INFO ] DATA,1842,0.23211727,0.492667,0.72478426,0.33476618,0.39001808,0.15790081,575 (adaline_anc src/bin/adaline_anc.rs:140)
[INFO ] DATA,1845,0.04769134,0.794962,0.84265333,0.78165144,0.061001897,0.013310555,575 (adaline_anc src/bin/adaline_anc.rs:140)
[INFO ] DATA,1848,-0.16908504,0.5342925,0.3652075,0.5948533,-0.22964579,-0.060560748,575 (adaline_anc src/bin/adaline_anc.rs:140)
[INFO ] DATA,1851,-0.31099957,0.22294538,-0.088054195,0.17900118,-0.2670554,0.04394418,575 (adaline_anc src/bin/adaline_anc.rs:140)
[INFO ] DATA,1854,-0.3177469,0.18099567,-0.13675123,0.033707563,-0.1704588,0.14728811,575 (adaline_anc src/bin/adaline_anc.rs:140)
[INFO ] DATA,1857,-0.20415899,0.18182662,-0.02233237,0.07167476,-0.09400713,0.110151865,575 (adaline_anc src/bin/adaline_anc.rs:140)
[INFO ] DATA,1860,-0.04921399,-0.000008380536,-0.049222372,-0.026949018,-0.022273354,0.026940636,575 (adaline_anc src/bin/adaline_anc.rs:140)
[INFO ] DATA,1863,0.048084065,-0.18183213,-0.13374807,-0.20824759,0.07449952,0.026415452,575 (adaline_anc src/bin/adaline_anc.rs:140)
[INFO ] DATA,1866,0.023082525,-0.18098322,-0.15790069,-0.22281398,0.06491329,0.041830763,575 (adaline_anc src/bin/adaline_anc.rs:140)
[INFO ] DATA,1869,-0.118158415,-0.22292347,-0.3410819,-0.16609837,-0.17498352,-0.0568251,575 (adaline_anc src/bin/adaline_anc.rs:140)
[INFO ] DATA,1872,-0.29940706,-0.53430986,-0.8337169,-0.34504092,-0.488676,-0.18926895,575 (adaline_anc src/bin/adaline_anc.rs:140)
[INFO ] DATA,1875,-0.41180167,-0.7949799,-1.2067815,-0.6490481,-0.5577334,-0.14593175,575 (adaline_anc src/bin/adaline_anc.rs:140)
[INFO ] DATA,1878,-0.3693246,-0.49264783,-0.86197245,-0.5609219,-0.30105054,0.06827405,575 (adaline_anc src/bin/adaline_anc.rs:140)
[INFO ] DATA,1881,-0.15409337,0.2617438,0.107650444,0.07760343,0.030047014,0.18414038,575 (adaline_anc src/bin/adaline_anc.rs:140)
[INFO ] DATA,1884,0.17190342,0.7694153,0.94131875,0.691569,0.24974978,0.07784636,575 (adaline_anc src/bin/adaline_anc.rs:140)
[INFO ] DATA,1887,0.4947911,0.65691227,1.1517034,0.7197847,0.43191868,-0.06287241,575 (adaline_anc src/bin/adaline_anc.rs:140)
[INFO ] DATA,1890,0.7025758,0.29998922,1.002565,0.34104043,0.6615246,-0.04105121,575 (adaline_anc src/bin/adaline_anc.rs:140)
[INFO ] DATA,1893,0.7377508,0.17152335,0.90927416,0.0953322,0.81394196,0.07619113,575 (adaline_anc src/bin/adaline_anc.rs:140)
[INFO ] DATA,1896,0.6223458,0.19878651,0.8211323,0.10656545,0.7145668,0.09222102,575 (adaline_anc src/bin/adaline_anc.rs:140)
[INFO ] DATA,1899,0.44311112,0.07629739,0.5194085,0.07467975,0.4447288,0.0016176701,575 (adaline_anc src/bin/adaline_anc.rs:140)
[INFO ] DATA,1902,0.3047058,-0.13997653,0.16472927,-0.11637677,0.28110605,-0.023599744,575 (adaline_anc src/bin/adaline_anc.rs:140)
[INFO ] DATA,1905,0.27505988,-0.19496652,0.080093354,-0.2170383,0.29713166,0.022071779,575 (adaline_anc src/bin/adaline_anc.rs:140)
[INFO ] DATA,1908,0.35101336,-0.1816368,0.16937657,-0.16365375,0.3330303,-0.01798305,575 (adaline_anc src/bin/adaline_anc.rs:140)
[INFO ] DATA,1911,0.46157363,-0.40836418,0.053209454,-0.25937143,0.31258088,-0.14899275,575 (adaline_anc src/bin/adaline_anc.rs:140)
[INFO ] DATA,1914,0.50705415,-0.7516366,-0.24458247,-0.58381534,0.33923286,-0.16782129,575 (adaline_anc src/bin/adaline_anc.rs:140)
[INFO ] DATA,1917,0.41383576,-0.66722125,-0.25338548,-0.6717226,0.4183371,0.004501343,575 (adaline_anc src/bin/adaline_anc.rs:140)
[INFO ] DATA,1920,0.17633177,0.0000012974269,0.17633307,-0.15956336,0.33589643,0.15956466,575 (adaline_anc src/bin/adaline_anc.rs:140)
[INFO ] DATA,1923,-0.13564286,0.6672508,0.531608,0.5649021,-0.03329414,0.102348715,575 (adaline_anc src/bin/adaline_anc.rs:140)
[INFO ] DATA,1926,-0.40836045,0.7516243,0.34326383,0.81071407,-0.46745023,-0.05908978,575 (adaline_anc src/bin/adaline_anc.rs:140)
[INFO ] DATA,1929,-0.5388218,0.40833688,-0.13048494,0.48805508,-0.61854005,-0.07971823,575 (adaline_anc src/bin/adaline_anc.rs:140)
[INFO ] DATA,1932,-0.48512483,0.18162692,-0.3034979,0.15680589,-0.46030378,0.024821043,575 (adaline_anc src/bin/adaline_anc.rs:140)
[INFO ] DATA,1935,-0.28691578,0.19497527,-0.09194051,0.13176258,-0.22370309,0.06321269,575 (adaline_anc src/bin/adaline_anc.rs:140)
[INFO ] DATA,1938,-0.045652524,0.139976,0.09432347,0.14478634,-0.05046287,-0.004810348,575 (adaline_anc src/bin/adaline_anc.rs:140)
[INFO ] DATA,1941,0.12537633,-0.076317504,0.049058825,-0.027265437,0.07632426,-0.049052067,575 (adaline_anc src/bin/adaline_anc.rs:140)
[INFO ] DATA,1944,0.15597184,-0.19878943,-0.042817593,-0.18620798,0.14339039,-0.012581453,575 (adaline_anc src/bin/adaline_anc.rs:140)
[INFO ] DATA,1947,0.051256657,-0.1714992,-0.120242536,-0.15181115,0.031568617,-0.01968804,575 (adaline_anc src/bin/adaline_anc.rs:140)
[INFO ] DATA,1950,-0.11481198,-0.30000848,-0.41482046,-0.1594913,-0.25532916,-0.14051718,575 (adaline_anc src/bin/adaline_anc.rs:140)
[INFO ] DATA,1953,-0.2409302,-0.6569255,-0.8978557,-0.43711793,-0.46073776,-0.21980757,575 (adaline_anc src/bin/adaline_anc.rs:140)
[INFO ] DATA,1956,-0.25334406,-0.7694184,-1.0227625,-0.675741,-0.34702152,-0.09367746,575 (adaline_anc src/bin/adaline_anc.rs:140)
[INFO ] DATA,1959,-0.14562093,-0.26171958,-0.40734053,-0.38257602,-0.024764508,0.12085642,575 (adaline_anc src/bin/adaline_anc.rs:140)
[INFO ] DATA,1962,0.017028064,0.49266422,0.5096923,0.32347995,0.18621236,0.1691843,575 (adaline_anc src/bin/adaline_anc.rs:140)
[INFO ] DATA,1965,0.13135132,0.7949733,0.9263246,0.75484604,0.17147857,0.040127248,575 (adaline_anc src/bin/adaline_anc.rs:140)
[INFO ] DATA,1968,0.11043371,0.5342888,0.6447225,0.58177865,0.062943876,-0.047489837,575 (adaline_anc src/bin/adaline_anc.rs:140)
[INFO ] DATA,1971,-0.0691797,0.22294827,0.15376857,0.20910773,-0.055339158,0.013840541,575 (adaline_anc src/bin/adaline_anc.rs:140)
[INFO ] DATA,1974,-0.35182968,0.18100658,-0.1708231,0.097052544,-0.26787564,0.083954036,575 (adaline_anc src/bin/adaline_anc.rs:140)
[INFO ] DATA,1977,-0.62704426,0.1818252,-0.44521904,0.13182166,-0.5770407,0.05000359,575 (adaline_anc src/bin/adaline_anc.rs:140)
[INFO ] DATA,1980,-0.7817189,-0.00001679672,-0.7817357,-0.005314341,-0.77642137,0.0052975416,575 (adaline_anc src/bin/adaline_anc.rs:140)
[INFO ] DATA,1983,-0.75420123,-0.18183073,-0.93603194,-0.21785045,-0.7181815,0.036019742,575 (adaline_anc src/bin/adaline_anc.rs:140)
[INFO ] DATA,1986,-0.56288487,-0.1809839,-0.74386877,-0.24378979,-0.500079,0.06280589,575 (adaline_anc src/bin/adaline_anc.rs:140)
[INFO ] DATA,1989,-0.2951786,-0.22294043,-0.51811904,-0.19275029,-0.32536876,-0.03019017,574 (adaline_anc src/bin/adaline_anc.rs:140)
[INFO ] DATA,1992,-0.062656224,-0.53431356,-0.5969698,-0.37523672,-0.22173306,-0.15907684,575 (adaline_anc src/bin/adaline_anc.rs:140)
[INFO ] DATA,1995,0.05467929,-0.79497933,-0.74030006,-0.67259306,-0.067707,-0.12238629,575 (adaline_anc src/bin/adaline_anc.rs:140)
[INFO ] DATA,1998,0.046704277,-0.4926213,-0.445917,-0.5541994,0.10828239,0.06157811,575 (adaline_anc src/bin/adaline_anc.rs:140)
[INFO ] DATA,2001,-0.025268942,0.2617208,0.23645186,0.11379716,0.122654706,0.14792365,575 (adaline_anc src/bin/adaline_anc.rs:140)
[INFO ] DATA,2004,-0.064172864,0.76940846,0.7052356,0.7286568,-0.023421228,0.040751636,575 (adaline_anc src/bin/adaline_anc.rs:140)
[INFO ] DATA,2007,0.008620292,0.65691775,0.6655381,0.72233546,-0.056797385,-0.06541768,575 (adaline_anc src/bin/adaline_anc.rs:140)
[INFO ] DATA,2010,0.2086661,0.2999938,0.5086599,0.30161107,0.20704883,-0.0016172677,575 (adaline_anc src/bin/adaline_anc.rs:140)
[INFO ] DATA,2013,0.47658145,0.17152321,0.64810467,0.04685793,0.6012467,0.12466526,575 (adaline_anc src/bin/adaline_anc.rs:140)
[INFO ] DATA,2016,0.7054141,0.19879048,0.9042046,0.07019299,0.8340116,0.1285975,575 (adaline_anc src/bin/adaline_anc.rs:140)
[INFO ] DATA,2019,0.7935966,0.07630087,0.8698975,0.053846687,0.81605077,0.022454143,575 (adaline_anc src/bin/adaline_anc.rs:140)
[INFO ] DATA,2022,0.6965099,-0.13998829,0.5565216,-0.12219994,0.67872155,-0.01778835,575 (adaline_anc src/bin/adaline_anc.rs:140)
[INFO ] DATA,2025,0.45048326,-0.1949692,0.25551406,-0.20976707,0.46528113,0.014797866,575 (adaline_anc src/bin/adaline_anc.rs:140)
[INFO ] DATA,2028,0.15667892,-0.18163538,-0.024956465,-0.14873552,0.12377906,-0.032899857,575 (adaline_anc src/bin/adaline_anc.rs:140)
[INFO ] DATA,2031,-0.06700727,-0.40833777,-0.47534505,-0.25055292,-0.22479212,-0.15778485,575 (adaline_anc src/bin/adaline_anc.rs:140)
[INFO ] DATA,2034,-0.14219505,-0.75163305,-0.8938281,-0.5870578,-0.30677027,-0.16457522,575 (adaline_anc src/bin/adaline_anc.rs:140)
[INFO ] DATA,2037,-0.065676115,-0.66722995,-0.73290604,-0.69001806,-0.042887986,0.02278813,575 (adaline_anc src/bin/adaline_anc.rs:140)
[INFO ] DATA,2040,0.09270215,6.155765e-7,0.09270277,-0.18704404,0.2797468,0.18704465,575 (adaline_anc src/bin/adaline_anc.rs:140)
[INFO ] DATA,2043,0.22886068,0.667244,0.8961047,0.5373698,0.3587349,0.12987423,575 (adaline_anc src/bin/adaline_anc.rs:140)
[INFO ] DATA,2046,0.25962815,0.7516195,1.0112476,0.7951341,0.21611351,-0.04351464,575 (adaline_anc src/bin/adaline_anc.rs:140)
[INFO ] DATA,2049,0.16599463,0.40834263,0.57433724,0.50026643,0.07407081,-0.09192382,575 (adaline_anc src/bin/adaline_anc.rs:140)
[INFO ] DATA,2052,0.0022384264,0.18163794,0.18387637,0.17893486,0.004941508,0.0027030818,575 (adaline_anc src/bin/adaline_anc.rs:140)
[INFO ] DATA,2055,-0.13357955,0.19497257,0.061393023,0.14085785,-0.07946482,0.05411473,575 (adaline_anc src/bin/adaline_anc.rs:140)
[INFO ] DATA,2058,-0.15258184,0.13996454,-0.012617305,0.13851489,-0.1511322,0.0014496446,575 (adaline_anc src/bin/adaline_anc.rs:140)
[INFO ] DATA,2061,-0.023960307,-0.07632257,-0.10028288,-0.045998562,-0.054284316,-0.030324008,575 (adaline_anc src/bin/adaline_anc.rs:140)
[INFO ] DATA,2064,0.20536125,-0.19878249,0.0065787584,-0.20887685,0.2154556,0.0100943595,575 (adaline_anc src/bin/adaline_anc.rs:140)
[INFO ] DATA,2067,0.43098772,-0.17151135,0.25947636,-0.17137325,0.4308496,-0.00013810396,575 (adaline_anc src/bin/adaline_anc.rs:140)
[INFO ] DATA,2070,0.5410881,-0.30000395,0.24108416,-0.17362355,0.41470772,-0.12638038,575 (adaline_anc src/bin/adaline_anc.rs:140)
[INFO ] DATA,2073,0.47133923,-0.65691996,-0.18558073,-0.4485245,0.26294377,-0.20839545,575 (adaline_anc src/bin/adaline_anc.rs:140)
[INFO ] DATA,2076,0.23678108,-0.7694216,-0.5326405,-0.6723913,0.13975078,-0.0970303,575 (adaline_anc src/bin/adaline_anc.rs:140)
[INFO ] DATA,2079,-0.07543478,-0.26169926,-0.33713403,-0.35126382,0.014129788,0.08956457,575 (adaline_anc src/bin/adaline_anc.rs:140)
[INFO ] DATA,2082,-0.34866154,0.49265426,0.14399272,0.36915037,-0.22515765,0.12350389,575 (adaline_anc src/bin/adaline_anc.rs:140)
[INFO ] DATA,2085,-0.4933231,0.79497385,0.30165076,0.78830945,-0.4866587,0.0066643953,575 (adaline_anc src/bin/adaline_anc.rs:140)
[INFO ] DATA,2088,-0.488652,0.53428495,0.04563296,0.5820976,-0.53646463,-0.04781264,575 (adaline_anc src/bin/adaline_anc.rs:140)
[INFO ] DATA,2091,-0.38887095,0.22293682,-0.16593413,0.20213364,-0.36806777,0.020803183,575 (adaline_anc src/bin/adaline_anc.rs:140)
[INFO ] DATA,2094,-0.29100174,0.18100287,-0.10999887,0.114816315,-0.22481519,0.06618655,575 (adaline_anc src/bin/adaline_anc.rs:140)
[INFO ] DATA,2097,-0.28128543,0.18182947,-0.09945597,0.16866824,-0.26812422,0.013161212,575 (adaline_anc src/bin/adaline_anc.rs:140)
[INFO ] DATA,2100,-0.38786483,-7.9884063e-7,-0.38786563,0.036564305,-0.42442995,-0.036565125,575 (adaline_anc src/bin/adaline_anc.rs:140)
[INFO ] DATA,2103,-0.5643383,-0.1818293,-0.74616766,-0.17929372,-0.5668739,-0.0025355816,575 (adaline_anc src/bin/adaline_anc.rs:140)
[INFO ] DATA,2106,-0.71271074,-0.18098459,-0.89369535,-0.20792876,-0.6857666,0.02694416,575 (adaline_anc src/bin/adaline_anc.rs:140)
[INFO ] DATA,2109,-0.7340554,-0.22293201,-0.9569874,-0.16701518,-0.7899722,-0.055916786,575 (adaline_anc src/bin/adaline_anc.rs:140)
[INFO ] DATA,2112,-0.5811987,-0.53431743,-1.1155162,-0.36948416,-0.746032,-0.1648333,575 (adaline_anc src/bin/adaline_anc.rs:140)
[INFO ] DATA,2115,-0.28601572,-0.79498744,-1.0810032,-0.68656087,-0.39444232,-0.1084266,575 (adaline_anc src/bin/adaline_anc.rs:140)
[INFO ] DATA,2118,0.052745618,-0.49263126,-0.43988565,-0.58060867,0.14072302,0.0879774,575 (adaline_anc src/bin/adaline_anc.rs:140)
[INFO ] DATA,2121,0.31526306,0.26176292,0.577026,0.0856975,0.4913285,0.17606544,575 (adaline_anc src/bin/adaline_anc.rs:140)
[INFO ] DATA,2124,0.41742682,0.76941967,1.1868465,0.7020676,0.48477888,0.06735206,575 (adaline_anc src/bin/adaline_anc.rs:140)
[INFO ] DATA,2127,0.34976628,0.6568953,1.0066615,0.7107299,0.29593164,-0.053834647,575 (adaline_anc src/bin/adaline_anc.rs:140)
[INFO ] DATA,2130,0.17933115,0.29998004,0.4793112,0.30606052,0.17325068,-0.0060804784,575 (adaline_anc src/bin/adaline_anc.rs:140)
[INFO ] DATA,2133,0.013629034,0.17152314,0.18515217,0.054177254,0.13097492,0.117345884,575 (adaline_anc src/bin/adaline_anc.rs:140)
[INFO ] DATA,2136,-0.054673642,0.19878697,0.14411333,0.067935005,0.07617833,0.13085197,575 (adaline_anc src/bin/adaline_anc.rs:140)
[INFO ] DATA,2139,0.0059936643,0.07630199,0.082295656,0.022346407,0.05994925,0.053955585,575 (adaline_anc src/bin/adaline_anc.rs:140)
[INFO ] DATA,2142,0.15208405,-0.1399785,0.012105554,-0.17122264,0.1833282,0.031244144,575 (adaline_anc src/bin/adaline_anc.rs:140)
[INFO ] DATA,2145,0.29034576,-0.19496974,0.095376015,-0.25173107,0.34710708,0.056761324,575 (adaline_anc src/bin/adaline_anc.rs:140)
[INFO ] DATA,2148,0.3291443,-0.18162459,0.14751971,-0.17499906,0.32251877,-0.006625533,575 (adaline_anc src/bin/adaline_anc.rs:140)
[INFO ] DATA,2151,0.2290677,-0.40835813,-0.17929043,-0.2618422,0.08255176,-0.14651594,575 (adaline_anc src/bin/adaline_anc.rs:140)
[INFO ] DATA,2154,0.026692878,-0.7516379,-0.724945,-0.5823192,-0.14262581,-0.16931869,575 (adaline_anc src/bin/adaline_anc.rs:140)
[INFO ] DATA,2157,-0.1812475,-0.6672329,-0.84848034,-0.6619214,-0.18655896,-0.0053114593,575 (adaline_anc src/bin/adaline_anc.rs:140)
[INFO ] DATA,2160,-0.28531834,0.000033503064,-0.28528485,-0.14346293,-0.14182192,0.14349642,575 (adaline_anc src/bin/adaline_anc.rs:140)
[INFO ] DATA,2163,-0.21874543,0.6672654,0.44852,0.57388747,-0.12536746,0.09337796,575 (adaline_anc src/bin/adaline_anc.rs:140)
[INFO ] DATA,2166,0.0077595785,0.75163126,0.75939083,0.7958728,-0.036481977,-0.044241555,575 (adaline_anc src/bin/adaline_anc.rs:140)
[INFO ] DATA,2169,0.30948722,0.40834844,0.71783566,0.4708855,0.24695018,-0.062537044,575 (adaline_anc src/bin/adaline_anc.rs:140)
[INFO ] DATA,2172,0.56763583,0.18162927,0.7492651,0.15263216,0.5966329,0.028997064,575 (adaline_anc src/bin/adaline_anc.rs:140)
[INFO ] DATA,2175,0.6862078,0.1949742,0.88118196,0.12878032,0.75240165,0.06619388,575 (adaline_anc src/bin/adaline_anc.rs:140)
[INFO ] DATA,2178,0.63673705,0.13996714,0.7767042,0.1476995,0.6290047,-0.0077323318,575 (adaline_anc src/bin/adaline_anc.rs:140)
[INFO ] DATA,2181,0.46883118,-0.07631909,0.39251208,-0.022516904,0.415029,-0.053802192,575 (adaline_anc src/bin/adaline_anc.rs:140)
[INFO ] DATA,2184,0.2813599,-0.19878519,0.082574725,-0.18817759,0.2707523,-0.0106076,575 (adaline_anc src/bin/adaline_anc.rs:140)
[INFO ] DATA,2187,0.16958997,-0.17151707,-0.0019271076,-0.16025294,0.15832584,-0.0112641305,575 (adaline_anc src/bin/adaline_anc.rs:140)
[INFO ] DATA,2190,0.17537935,-0.3000177,-0.12463836,-0.18118255,0.056544185,-0.118835166,575 (adaline_anc src/bin/adaline_anc.rs:140)
[INFO ] DATA,2193,0.2660129,-0.65694255,-0.39092964,-0.4799655,0.08903587,-0.17697704,575 (adaline_anc src/bin/adaline_anc.rs:140)
[INFO ] DATA,2196,0.35256842,-0.7694103,-0.4168419,-0.7213712,0.30452928,-0.04803914,575 (adaline_anc src/bin/adaline_anc.rs:140)
[INFO ] DATA,2199,0.33820584,-0.26173297,0.07647288,-0.39443833,0.4709112,0.13270536,575 (adaline_anc src/bin/adaline_anc.rs:140)
[INFO ] DATA,2202,0.17145874,0.4926443,0.66410303,0.34884378,0.31525925,0.14380051,575 (adaline_anc src/bin/adaline_anc.rs:140)
[INFO ] DATA,2205,-0.1229415,0.7949743,0.67203283,0.7970776,-0.12504476,-0.0021032616,575 (adaline_anc src/bin/adaline_anc.rs:140)
[INFO ] DATA,2208,-0.45203492,0.5343111,0.082276195,0.61275,-0.5304738,-0.07843891,575 (adaline_anc src/bin/adaline_anc.rs:140)
[INFO ] DATA,2211,-0.6976352,0.22293417,-0.474701,0.2276201,-0.70232105,-0.0046858788,575 (adaline_anc src/bin/adaline_anc.rs:140)
[INFO ] DATA,2214,-0.77309155,0.18100215,-0.5920894,0.124969795,-0.7170592,0.05603236,575 (adaline_anc src/bin/adaline_anc.rs:140)
[INFO ] DATA,2217,-0.66491127,0.18182613,-0.48308516,0.16236047,-0.64544564,0.019465625,575 (adaline_anc src/bin/adaline_anc.rs:140)
[INFO ] DATA,2220,-0.43846864,-0.0000061632663,-0.4384748,0.018685967,-0.45716077,-0.018692136,575 (adaline_anc src/bin/adaline_anc.rs:140)
[INFO ] DATA,2223,-0.20497328,-0.18183073,-0.386804,-0.19147532,-0.1953287,0.009644583,575 (adaline_anc src/bin/adaline_anc.rs:140)
[INFO ] DATA,2226,-0.06628877,-0.18097672,-0.24726549,-0.20400122,-0.04326427,0.0230245,575 (adaline_anc src/bin/adaline_anc.rs:140)
[INFO ] DATA,2229,-0.06584942,-0.22294344,-0.28879285,-0.14555931,-0.14323354,-0.077384114,575 (adaline_anc src/bin/adaline_anc.rs:140)
[INFO ] DATA,2232,-0.17013744,-0.5343312,-0.7044686,-0.33868653,-0.36578208,-0.19564465,575 (adaline_anc src/bin/adaline_anc.rs:140)
[INFO ] DATA,2235,-0.28996202,-0.7949869,-1.0849489,-0.64699817,-0.43795073,-0.1479887,575 (adaline_anc src/bin/adaline_anc.rs:140)
[INFO ] DATA,2238,-0.33008456,-0.49264124,-0.8227258,-0.5354723,-0.2872535,0.042831063,575 (adaline_anc src/bin/adaline_anc.rs:140)
[INFO ] DATA,2241,-0.24141827,0.26170743,0.020289153,0.11798437,-0.09769522,0.14372306,575 (adaline_anc src/bin/adaline_anc.rs:140)
[INFO ] DATA,2244,-0.048957333,0.76942027,0.7204629,0.70344865,0.017014265,0.0659716,575 (adaline_anc src/bin/adaline_anc.rs:140)
[INFO ] DATA,2247,0.15935707,0.65690064,0.8162577,0.6816997,0.13455802,-0.024799049,575 (adaline_anc src/bin/adaline_anc.rs:140)
[INFO ] DATA,2250,0.27716455,0.30000293,0.5771675,0.29055533,0.28661218,0.009447634,575 (adaline_anc src/bin/adaline_anc.rs:140)
[INFO ] DATA,2253,0.23490557,0.1715174,0.40642297,0.0828274,0.32359558,0.08869001,575 (adaline_anc src/bin/adaline_anc.rs:140)
[INFO ] DATA,2256,0.03759332,0.19878434,0.23637766,0.12240581,0.113971844,0.076378524,575 (adaline_anc src/bin/adaline_anc.rs:140)
[INFO ] DATA,2259,-0.23463863,0.07628606,-0.15835257,0.065872274,-0.22422484,0.010413796,575 (adaline_anc src/bin/adaline_anc.rs:140)
[INFO ] DATA,2262,-0.4636098,-0.13998996,-0.6035998,-0.15556441,-0.44803536,0.015574455,575 (adaline_anc src/bin/adaline_anc.rs:140)
[INFO ] DATA,2265,-0.5495829,-0.19497244,-0.74455535,-0.2536372,-0.49091816,0.05866474,575 (adaline_anc src/bin/adaline_anc.rs:140)
[INFO ] DATA,2268,-0.45850182,-0.18163326,-0.64013505,-0.19207864,-0.4480564,0.010445416,575 (adaline_anc src/bin/adaline_anc.rs:140)
[INFO ] DATA,2271,-0.23647606,-0.40835232,-0.6448284,-0.29565075,-0.34917763,-0.112701565,575 (adaline_anc src/bin/adaline_anc.rs:140)
[INFO ] DATA,2274,0.015433952,-0.7516377,-0.73620373,-0.6274106,-0.10879314,-0.12422709,575 (adaline_anc src/bin/adaline_anc.rs:140)
[INFO ] DATA,2277,0.1933711,-0.6672416,-0.47387046,-0.7006331,0.22676265,0.03339155,575 (adaline_anc src/bin/adaline_anc.rs:140)
[INFO ] DATA,2280,0.24270482,0.00000840715,0.24271323,-0.15462305,0.39733627,0.15463145,575 (adaline_anc src/bin/adaline_anc.rs:140)
[INFO ] DATA,2283,0.18370417,0.6672343,0.85093844,0.5849387,0.26599973,0.08229557,575 (adaline_anc src/bin/adaline_anc.rs:140)
[INFO ] DATA,2286,0.09783627,0.75161487,0.8494511,0.8122384,0.03721273,-0.06062354,575 (adaline_anc src/bin/adaline_anc.rs:140)
[INFO ] DATA,2289,0.082054615,0.40833372,0.49038833,0.4651,0.025288343,-0.05676627,575 (adaline_anc src/bin/adaline_anc.rs:140)
[INFO ] DATA,2292,0.19484329,0.1816403,0.3764836,0.11296013,0.26352346,0.06868017,575 (adaline_anc src/bin/adaline_anc.rs:140)
[INFO ] DATA,2295,0.42191446,0.19498877,0.61690325,0.071645156,0.5452581,0.12334365,575 (adaline_anc src/bin/adaline_anc.rs:140)
[INFO ] DATA,2298,0.6796607,0.13996288,0.8196236,0.09067661,0.728947,0.049286306,575 (adaline_anc src/bin/adaline_anc.rs:140)
[INFO ] DATA,2301,0.8548785,-0.0763265,0.778552,-0.06252446,0.84107643,-0.013802052,575 (adaline_anc src/bin/adaline_anc.rs:140)
[INFO ] DATA,2304,0.86081994,-0.19878866,0.6620313,-0.20582703,0.8678583,0.007038355,575 (adaline_anc src/bin/adaline_anc.rs:140)
[INFO ] DATA,2307,0.68127316,-0.17150514,0.509768,-0.15628037,0.6660484,-0.015224755,575 (adaline_anc src/bin/adaline_anc.rs:140)
[INFO ] DATA,2310,0.37995362,-0.29999483,0.0799588,-0.16413042,0.24408922,-0.1358644,575 (adaline_anc src/bin/adaline_anc.rs:140)
[INFO ] DATA,2313,0.07063694,-0.656925,-0.5862881,-0.45966047,-0.12662762,-0.19726457,575 (adaline_anc src/bin/adaline_anc.rs:140)
[INFO ] DATA,2316,-0.13738093,-0.76940966,-0.9067906,-0.7016891,-0.20510149,-0.06772056,575 (adaline_anc src/bin/adaline_anc.rs:140)
[INFO ] DATA,2319,-0.19071741,-0.2617017,-0.4524191,-0.38486353,-0.06755558,0.12316184,575 (adaline_anc src/bin/adaline_anc.rs:140)
[INFO ] DATA,2322,-0.114588365,0.49267083,0.37808245,0.34572613,0.03235632,0.14694469,575 (adaline_anc src/bin/adaline_anc.rs:140)
[INFO ] DATA,2325,0.0043126345,0.79497707,0.7992897,0.78147346,0.017816246,0.013503611,575 (adaline_anc src/bin/adaline_anc.rs:140)
[INFO ] DATA,2328,0.06577206,0.5342973,0.60006934,0.6065184,-0.0064490438,-0.0722211,575 (adaline_anc src/bin/adaline_anc.rs:140)
[INFO ] DATA,2331,0.009768754,0.22293384,0.2327026,0.2526297,-0.0199271,-0.029695854,575 (adaline_anc src/bin/adaline_anc.rs:140)
[INFO ] DATA,2334,-0.1515167,0.18099844,0.029481739,0.16565408,-0.13617234,0.015344366,575 (adaline_anc src/bin/adaline_anc.rs:140)
[INFO ] DATA,2337,-0.33993453,0.18182945,-0.15810508,0.20207624,-0.36018133,-0.020246804,575 (adaline_anc src/bin/adaline_anc.rs:140)
[INFO ] DATA,2340,-0.4527104,-0.000014579451,-0.45272496,0.046693854,-0.49941882,-0.046708435,575 (adaline_anc src/bin/adaline_anc.rs:140)
[INFO ] DATA,2343,-0.4172463,-0.1818284,-0.5990747,-0.1807268,-0.41834792,-0.001101613,575 (adaline_anc src/bin/adaline_anc.rs:140)
[INFO ] DATA,2346,-0.23171088,-0.180989,-0.41269988,-0.20657,-0.20612988,0.025581002,575 (adaline_anc src/bin/adaline_anc.rs:140)
[INFO ] DATA,2349,0.030265123,-0.22294615,-0.19268103,-0.1596291,-0.033051923,-0.063317046,575 (adaline_anc src/bin/adaline_anc.rs:140)
[INFO ] DATA,2352,0.25330836,-0.5343248,-0.28101647,-0.36451185,0.08349538,-0.16981298,575 (adaline_anc src/bin/adaline_anc.rs:140)
[INFO ] DATA,2355,0.33568925,-0.7949842,-0.45929497,-0.67681766,0.21752268,-0.118166566,575 (adaline_anc src/bin/adaline_anc.rs:140)
[INFO ] DATA,2358,0.23877883,-0.4926147,-0.25383586,-0.5434645,0.28962862,0.050849795,575 (adaline_anc src/bin/adaline_anc.rs:140)
[INFO ] DATA,2361,0.0052239615,0.26173866,0.26696262,0.13805437,0.12890825,0.12368429,575 (adaline_anc src/bin/adaline_anc.rs:140)
[INFO ] DATA,2364,-0.26282877,0.76942396,0.5065952,0.73608005,-0.22948486,0.03334391,575 (adaline_anc src/bin/adaline_anc.rs:140)
[INFO ] DATA,2367,-0.45470807,0.6568902,0.20218214,0.7017207,-0.49953857,-0.0448305,575 (adaline_anc src/bin/adaline_anc.rs:140)
[INFO ] DATA,2370,-0.50517964,0.30000746,-0.20517218,0.2848032,-0.4899754,0.015204251,575 (adaline_anc src/bin/adaline_anc.rs:140)
[INFO ] DATA,2373,-0.424277,0.17150524,-0.25277176,0.07638992,-0.3291617,0.095115304,575 (adaline_anc src/bin/adaline_anc.rs:140)
[INFO ] DATA,2376,-0.28824568,0.19879505,-0.08945063,0.12638004,-0.21583067,0.07241501,575 (adaline_anc src/bin/adaline_anc.rs:140)
[INFO ] DATA,2379,-0.1963816,0.076300405,-0.120081194,0.069392234,-0.18947342,0.0069081783,575 (adaline_anc src/bin/adaline_anc.rs:140)
[INFO ] DATA,2382,-0.21653625,-0.1399802,-0.35651645,-0.14849155,-0.2080249,0.00851135,575 (adaline_anc src/bin/adaline_anc.rs:140)
[INFO ] DATA,2385,-0.34732616,-0.19497082,-0.542297,-0.2351415,-0.3071555,0.04017067,575 (adaline_anc src/bin/adaline_anc.rs:140)
[INFO ] DATA,2388,-0.51676255,-0.18162201,-0.6983846,-0.16345394,-0.53493065,-0.018168092,575 (adaline_anc src/bin/adaline_anc.rs:140)
[INFO ] DATA,2391,-0.61828196,-0.40836704,-1.026649,-0.26847675,-0.7581723,-0.13989031,575 (adaline_anc src/bin/adaline_anc.rs:140)
[INFO ] DATA,2394,-0.5657499,-0.7516425,-1.3173923,-0.6059326,-0.71145976,-0.14570987,575 (adaline_anc src/bin/adaline_anc.rs:140)
[INFO ] DATA,2397,-0.33958822,-0.667222,-1.0068102,-0.69038457,-0.31642562,0.023162603,575 (adaline_anc src/bin/adaline_anc.rs:140)
[INFO ] DATA,2400,0.000009885076,0.0000657087,0.00007559378,-0.16213846,0.16221406,0.16220418,574 (adaline_anc src/bin/adaline_anc.rs:140)
[INFO ] DATA,2403,0.33962834,0.66725385,1.0068822,0.557877,0.4490052,0.10937685,575 (adaline_anc src/bin/adaline_anc.rs:140)
[INFO ] DATA,2406,0.56575817,0.75163,1.3173882,0.7761544,0.5412338,-0.02452439,575 (adaline_anc src/bin/adaline_anc.rs:140)
[INFO ] DATA,2409,0.61828417,0.4083601,1.0266442,0.4504773,0.5761669,-0.042117238,575 (adaline_anc src/bin/adaline_anc.rs:140)
[INFO ] DATA,2412,0.5167597,0.18165135,0.69841105,0.12211338,0.57629764,0.059537947,575 (adaline_anc src/bin/adaline_anc.rs:140)
[INFO ] DATA,2415,0.3473208,0.19497961,0.5423004,0.0841631,0.4581373,0.11081651,574 (adaline_anc src/bin/adaline_anc.rs:140)
[INFO ] DATA,2418,0.21653444,0.13997234,0.35650676,0.0869766,0.26953018,0.05299574,575 (adaline_anc src/bin/adaline_anc.rs:140)
[INFO ] DATA,2421,0.19637021,-0.076312155,0.12005806,-0.09151657,0.21157463,0.015204415,575 (adaline_anc src/bin/adaline_anc.rs:140)
[INFO ] DATA,2424,0.2882424,-0.1987838,0.0894586,-0.24542327,0.33488187,0.046639472,575 (adaline_anc src/bin/adaline_anc.rs:140)
[INFO ] DATA,2427,0.42427287,-0.17149317,0.2527797,-0.19689384,0.44967353,0.025400668,575 (adaline_anc src/bin/adaline_anc.rs:140)
[INFO ] DATA,2430,0.50516355,-0.3000086,0.20515496,-0.20255738,0.40771234,-0.09745121,575 (adaline_anc src/bin/adaline_anc.rs:140)
[INFO ] DATA,2433,0.4546954,-0.65693545,-0.20224005,-0.4929737,0.29073364,-0.16396177,575 (adaline_anc src/bin/adaline_anc.rs:140)
[INFO ] DATA,2436,0.26280317,-0.769424,-0.5066209,-0.71709603,0.21047515,-0.05232802,575 (adaline_anc src/bin/adaline_anc.rs:140)
[INFO ] DATA,2439,-0.005233407,-0.2617247,-0.26695812,-0.36695147,0.09999335,0.105226755,575 (adaline_anc src/bin/adaline_anc.rs:140)
[INFO ] DATA,2442,-0.2387836,0.4926537,0.2538701,0.38743454,-0.13356444,0.105219156,575 (adaline_anc src/bin/adaline_anc.rs:140)
[INFO ] DATA,2445,-0.33568734,0.7949754,0.45928806,0.81924623,-0.35995817,-0.024270833,575 (adaline_anc src/bin/adaline_anc.rs:140)
[INFO ] DATA,2448,-0.25329992,0.53429365,0.28099373,0.609408,-0.3284143,-0.07511437,575 (adaline_anc src/bin/adaline_anc.rs:140)
[INFO ] DATA,2451,-0.030277662,0.22293118,0.1926535,0.2252624,-0.032608896,-0.0023312345,575 (adaline_anc src/bin/adaline_anc.rs:140)
[INFO ] DATA,2454,0.23172429,0.18100077,0.41272506,0.13243562,0.28028944,0.04856515,575 (adaline_anc src/bin/adaline_anc.rs:140)
[INFO ] DATA,2457,0.41725707,0.18182613,0.5990832,0.18280733,0.41627586,-0.0009812117,575 (adaline_anc src/bin/adaline_anc.rs:140)
[INFO ] DATA,2460,0.45271683,-0.000019943876,0.4526969,0.057306454,0.39539045,-0.057326376,575 (adaline_anc src/bin/adaline_anc.rs:140)
[INFO ] DATA,2463,0.33993688,-0.18183172,0.15810516,-0.1521244,0.31022957,-0.029707313,575 (adaline_anc src/bin/adaline_anc.rs:140)
[INFO ] DATA,2466,0.1514951,-0.18099271,-0.029497609,-0.17198695,0.14248934,-0.009005755,575 (adaline_anc src/bin/adaline_anc.rs:140)
[INFO ] DATA,2469,-0.009781927,-0.2229575,-0.23273943,-0.12955925,-0.103180185,-0.09339826,575 (adaline_anc src/bin/adaline_anc.rs:140)
[INFO ] DATA,2472,-0.06577602,-0.5343088,-0.6000848,-0.3516938,-0.24839097,-0.18261495,575 (adaline_anc src/bin/adaline_anc.rs:140)
[INFO ] DATA,2475,-0.004311934,-0.79497504,-0.79928696,-0.6851376,-0.11414933,-0.1098374,575 (adaline_anc src/bin/adaline_anc.rs:140)
[INFO ] DATA,2478,0.11458729,-0.49266115,-0.37807387,-0.57079786,0.19272399,0.0781367,575 (adaline_anc src/bin/adaline_anc.rs:140)
[INFO ] DATA,2481,0.1907047,0.26173744,0.45244214,0.103618756,0.34882337,0.15811867,575 (adaline_anc src/bin/adaline_anc.rs:140)
[INFO ] DATA,2484,0.13737576,0.7694246,0.9068004,0.7082465,0.19855386,0.061178103,575 (adaline_anc src/bin/adaline_anc.rs:140)
[INFO ] DATA,2487,-0.070654824,0.6569116,0.5862568,0.70324415,-0.11698735,-0.046332523,574 (adaline_anc src/bin/adaline_anc.rs:140)
[INFO ] DATA,2490,-0.37996766,0.2999937,-0.079973966,0.32074308,-0.40071705,-0.02074939,575 (adaline_anc src/bin/adaline_anc.rs:140)
[INFO ] DATA,2493,-0.6812842,0.17152363,-0.50976056,0.12528652,-0.6350471,0.04623711,574 (adaline_anc src/bin/adaline_anc.rs:140)
[INFO ] DATA,2496,-0.8608251,0.19879238,-0.6620327,0.1652422,-0.8272749,0.033550203,575 (adaline_anc src/bin/adaline_anc.rs:140)
[INFO ] DATA,2499,-0.8548679,0.076295346,-0.77857256,0.075517535,-0.8540901,0.000777781,575 (adaline_anc src/bin/adaline_anc.rs:140)
[INFO ] DATA,2502,-0.6796522,-0.13998446,-0.8196367,-0.16648144,-0.65315527,0.026496947,575 (adaline_anc src/bin/adaline_anc.rs:140)
[INFO ] DATA,2505,-0.42188245,-0.19495624,-0.6168387,-0.2547207,-0.362118,0.059764445,575 (adaline_anc src/bin/adaline_anc.rs:140)
[INFO ] DATA,2508,-0.19483373,-0.18163073,-0.37646446,-0.1748187,-0.20164576,-0.006812036,575 (adaline_anc src/bin/adaline_anc.rs:140)
[INFO ] DATA,2511,-0.08204731,-0.40834072,-0.49038804,-0.27002904,-0.220359,-0.13831168,575 (adaline_anc src/bin/adaline_anc.rs:140)
[INFO ] DATA,2514,-0.09783593,-0.7516273,-0.8494632,-0.5951318,-0.2543314,-0.15649548,575 (adaline_anc src/bin/adaline_anc.rs:140)
[INFO ] DATA,2517,-0.18370463,-0.6672269,-0.8509315,-0.6556029,-0.19532865,-0.011624023,575 (adaline_anc src/bin/adaline_anc.rs:140)
[INFO ] DATA,2520,-0.24269645,0.00000704345,-0.2426894,-0.111553095,-0.1311363,0.11156015,575 (adaline_anc src/bin/adaline_anc.rs:140)
[INFO ] DATA,2523,-0.19336678,0.66724515,0.47387838,0.5969254,-0.123046994,0.07031979,575 (adaline_anc src/bin/adaline_anc.rs:140)
[INFO ] DATA,2526,-0.015427068,0.7516252,0.7361981,0.77480173,-0.038603604,-0.023176536,575 (adaline_anc src/bin/adaline_anc.rs:140)
[INFO ] DATA,2529,0.23648125,0.4083342,0.64481544,0.41437578,0.23043966,-0.0060415864,575 (adaline_anc src/bin/adaline_anc.rs:140)
[INFO ] DATA,2532,0.4584905,0.18164286,0.6401334,0.096445754,0.54368764,0.08519715,575 (adaline_anc src/bin/adaline_anc.rs:140)
[INFO ] DATA,2535,0.5495813,0.19497691,0.7445582,0.087451205,0.657107,0.10752571,575 (adaline_anc src/bin/adaline_anc.rs:140)
[INFO ] DATA,2538,0.46358472,0.13996807,0.6035528,0.105397165,0.49815565,0.034570932,575 (adaline_anc src/bin/adaline_anc.rs:140)
[INFO ] DATA,2541,0.23462412,-0.07631956,0.15830456,-0.07386772,0.23217228,-0.002451837,575 (adaline_anc src/bin/adaline_anc.rs:140)
[INFO ] DATA,2544,-0.03760744,-0.19878063,-0.23638806,-0.23266993,-0.0037181228,0.033889316,575 (adaline_anc src/bin/adaline_anc.rs:140)
[INFO ] DATA,2547,-0.23491168,-0.17150532,-0.406417,-0.19035406,-0.21606295,0.018848732,575 (adaline_anc src/bin/adaline_anc.rs:140)
[INFO ] DATA,2550,-0.27716586,-0.30000407,-0.5771699,-0.21147527,-0.36569464,-0.08852878,575 (adaline_anc src/bin/adaline_anc.rs:140)
[INFO ] DATA,2553,-0.15937072,-0.65693825,-0.816309,-0.5193765,-0.29693246,-0.13756174,575 (adaline_anc src/bin/adaline_anc.rs:140)
[INFO ] DATA,2556,0.048961475,-0.76942337,-0.7204619,-0.7575443,0.037082374,-0.011879101,575 (adaline_anc src/bin/adaline_anc.rs:140)
[INFO ] DATA,2559,0.24142316,-0.26169348,-0.020270318,-0.40747362,0.3872033,0.14578015,575 (adaline_anc src/bin/adaline_anc.rs:140)
[INFO ] DATA,2562,0.33008853,0.49265093,0.8227395,0.36043578,0.4623037,0.13221517,575 (adaline_anc src/bin/adaline_anc.rs:140)
[INFO ] DATA,2565,0.28996155,0.79496086,1.0849224,0.81122226,0.27370018,-0.016261369,575 (adaline_anc src/bin/adaline_anc.rs:140)
[INFO ] DATA,2568,0.1701267,0.5342798,0.7044065,0.6202514,0.08415508,-0.08597162,575 (adaline_anc src/bin/adaline_anc.rs:140)
[INFO ] DATA,2571,0.06584184,0.22293954,0.28878137,0.22675137,0.062030002,-0.0038118362,575 (adaline_anc src/bin/adaline_anc.rs:140)
[INFO ] DATA,2574,0.066298515,0.1809885,0.24728702,0.10561256,0.14167446,0.075375944,575 (adaline_anc src/bin/adaline_anc.rs:140)
[INFO ] DATA,2577,0.20498444,0.18182562,0.38681006,0.13654083,0.25026923,0.045284793,575 (adaline_anc src/bin/adaline_anc.rs:140)
[INFO ] DATA,2580,0.4384769,-0.0000069977555,0.4384699,0.0087727215,0.42969716,-0.008779734,575 (adaline_anc src/bin/adaline_anc.rs:140)
[INFO ] DATA,2583,0.6649018,-0.18182841,0.48307338,-0.188348,0.6714214,0.0065196157,575 (adaline_anc src/bin/adaline_anc.rs:140)
[INFO ] DATA,2586,0.7730927,-0.18100502,0.5920877,-0.19120981,0.7832975,0.010204792,575 (adaline_anc src/bin/adaline_anc.rs:140)
[INFO ] DATA,2589,0.6976292,-0.22292934,0.47469985,-0.1307666,0.6054665,-0.09216273,575 (adaline_anc src/bin/adaline_anc.rs:140)
[INFO ] DATA,2592,0.4520236,-0.53432256,-0.082298964,-0.34076905,0.2584701,-0.1935535,575 (adaline_anc src/bin/adaline_anc.rs:140)
[INFO ] DATA,2595,0.12292806,-0.79497236,-0.6720443,-0.66232455,-0.009719729,-0.13264778,575 (adaline_anc src/bin/adaline_anc.rs:140)
[INFO ] DATA,2598,-0.17146629,-0.4926346,-0.6641009,-0.5363087,-0.12779218,0.04367411,575 (adaline_anc src/bin/adaline_anc.rs:140)
[INFO ] DATA,2601,-0.33820966,0.26176864,-0.07644102,0.1367591,-0.21320012,0.12500954,575 (adaline_anc src/bin/adaline_anc.rs:140)
[INFO ] DATA,2604,-0.3525772,0.7694359,0.41685867,0.72588015,-0.30902147,0.043555737,575 (adaline_anc src/bin/adaline_anc.rs:140)
[INFO ] DATA,2607,-0.26600727,0.6569012,0.3908939,0.6982168,-0.3073229,-0.041315615,575 (adaline_anc src/bin/adaline_anc.rs:140)
[INFO ] DATA,2610,-0.1753803,0.29999822,0.12461792,0.32198697,-0.19736905,-0.02198875,575 (adaline_anc src/bin/adaline_anc.rs:140)
[INFO ] DATA,2613,-0.16959095,0.17152917,0.0019382238,0.15588783,-0.1539496,0.015641347,575 (adaline_anc src/bin/adaline_anc.rs:140)
[INFO ] DATA,2616,-0.28136277,0.19878887,-0.082573906,0.21495742,-0.2975313,-0.016168535,575 (adaline_anc src/bin/adaline_anc.rs:140)
[INFO ] DATA,2619,-0.46883422,0.076309696,-0.39252454,0.13011988,-0.5226444,-0.05381018,575 (adaline_anc src/bin/adaline_anc.rs:140)
[INFO ] DATA,2622,-0.63673437,-0.13998933,-0.7767237,-0.12286693,-0.65385675,-0.017122388,575 (adaline_anc src/bin/adaline_anc.rs:140)
[INFO ] DATA,2625,-0.68619645,-0.1949654,-0.88116187,-0.22602643,-0.65513545,0.031060994,575 (adaline_anc src/bin/adaline_anc.rs:140)
[INFO ] DATA,2628,-0.56762356,-0.1816392,-0.74926275,-0.16315225,-0.5861105,-0.018486917,575 (adaline_anc src/bin/adaline_anc.rs:140)
[INFO ] DATA,2631,-0.30947724,-0.40835547,-0.7178327,-0.27999192,-0.43784076,-0.12836352,575 (adaline_anc src/bin/adaline_anc.rs:140)
[INFO ] DATA,2634,-0.0077671707,-0.75165534,-0.75942254,-0.6249689,-0.13445365,-0.12668648,575 (adaline_anc src/bin/adaline_anc.rs:140)
[INFO ] DATA,2637,0.21876396,-0.66720736,-0.4484434,-0.6901672,0.24172378,0.022959813,575 (adaline_anc src/bin/adaline_anc.rs:140)
[INFO ] DATA,2640,0.28531754,0.000039930936,0.28535748,-0.13114952,0.416507,0.13118947,575 (adaline_anc src/bin/adaline_anc.rs:140)
[INFO ] DATA,2643,0.18124272,0.66723645,0.84847915,0.59295183,0.25552732,0.0742846,575 (adaline_anc src/bin/adaline_anc.rs:140)
[INFO ] DATA,2646,-0.026701376,0.7516138,0.7249124,0.7843117,-0.059399307,-0.03269793,575 (adaline_anc src/bin/adaline_anc.rs:140)
[INFO ] DATA,2649,-0.22907394,0.40834558,0.17927164,0.42209646,-0.24282482,-0.013750881,575 (adaline_anc src/bin/adaline_anc.rs:140)
[INFO ] DATA,2652,-0.32914788,0.18163419,-0.14751369,0.093419775,-0.24093346,0.08821441,575 (adaline_anc src/bin/adaline_anc.rs:140)
[INFO ] DATA,2655,-0.2903688,0.19497854,-0.09539026,0.080750436,-0.1761407,0.1142281,575 (adaline_anc src/bin/adaline_anc.rs:140)
[INFO ] DATA,2658,-0.15208796,0.1399635,-0.012124464,0.08311123,-0.09523569,0.056852266,575 (adaline_anc src/bin/adaline_anc.rs:140)
[INFO ] DATA,2661,-0.00599809,-0.07632463,-0.08232272,-0.10707102,0.024748303,0.030746393,575 (adaline_anc src/bin/adaline_anc.rs:140)
[INFO ] DATA,2664,0.054667532,-0.19878326,-0.14411573,-0.25476813,0.1106524,0.05598487,575 (adaline_anc src/bin/adaline_anc.rs:140)
[INFO ] DATA,2667,-0.013634294,-0.17151105,-0.18514535,-0.19242966,0.0072843134,0.020918608,575 (adaline_anc src/bin/adaline_anc.rs:140)
[INFO ] DATA,2670,-0.17935182,-0.30001783,-0.47936964,-0.19756189,-0.28180775,-0.10245593,575 (adaline_anc src/bin/adaline_anc.rs:140)
[INFO ] DATA,2673,-0.34977943,-0.6569487,-1.0067282,-0.49403378,-0.51269436,-0.16291493,575 (adaline_anc src/bin/adaline_anc.rs:140)
[INFO ] DATA,2676,-0.41741532,-0.76941216,-1.1868274,-0.72227126,-0.46455616,-0.047140837,575 (adaline_anc src/bin/adaline_anc.rs:140)
[INFO ] DATA,2679,-0.3152538,-0.26174897,-0.57700276,-0.3768972,-0.20010558,0.11514822,575 (adaline_anc src/bin/adaline_anc.rs:140)
[INFO ] DATA,2682,-0.052736014,0.49264812,0.4399121,0.3715241,0.068388015,0.12112403,575 (adaline_anc src/bin/adaline_anc.rs:140)
[INFO ] DATA,2685,0.28600845,0.79497004,1.0809785,0.7911827,0.28979582,0.0037873685,575 (adaline_anc src/bin/adaline_anc.rs:140)
[INFO ] DATA,2688,0.58121544,0.534306,1.1155214,0.58731747,0.52820396,-0.053011477,575 (adaline_anc src/bin/adaline_anc.rs:140)
[INFO ] DATA,2691,0.73406255,0.22293685,0.9569994,0.21385026,0.74314916,0.009086609,575 (adaline_anc src/bin/adaline_anc.rs:140)
[INFO ] DATA,2694,0.7127124,0.18100801,0.8937204,0.10989631,0.7838241,0.07111168,575 (adaline_anc src/bin/adaline_anc.rs:140)
[INFO ] DATA,2697,0.56433606,0.18182515,0.7461612,0.1471181,0.59904313,0.03470707,575 (adaline_anc src/bin/adaline_anc.rs:140)
[INFO ] DATA,2700,0.38786095,-0.000012362181,0.3878486,0.015566725,0.37228185,-0.015579104,575 (adaline_anc src/bin/adaline_anc.rs:140)
[INFO ] DATA,2703,0.28128403,-0.18183172,0.09945232,-0.19396757,0.2934199,0.012135863,575 (adaline_anc src/bin/adaline_anc.rs:140)
[INFO ] DATA,2706,0.2909987,-0.18097088,0.11002782,-0.20869109,0.3187189,0.027720213,575 (adaline_anc src/bin/adaline_anc.rs:140)
[INFO ] DATA,2709,0.38887772,-0.22294073,0.16593699,-0.1616499,0.3275869,-0.06129083,575 (adaline_anc src/bin/adaline_anc.rs:140)
[INFO ] DATA,2712,0.48864722,-0.53430647,-0.045659244,-0.38427597,0.33861673,-0.1500305,575 (adaline_anc src/bin/adaline_anc.rs:140)
[INFO ] DATA,2715,0.493317,-0.79497397,-0.30165696,-0.7113874,0.40973043,-0.08358657,575 (adaline_anc src/bin/adaline_anc.rs:140)
[INFO ] DATA,2718,0.34865442,-0.4926374,-0.14398298,-0.56734085,0.42335787,0.074703455,575 (adaline_anc src/bin/adaline_anc.rs:140)
[INFO ] DATA,2721,0.07542591,0.26174566,0.33717155,0.13886495,0.1983066,0.1228807,575 (adaline_anc src/bin/adaline_anc.rs:140)
[INFO ] DATA,2724,-0.23678237,0.7694185,0.5326361,0.75480145,-0.22216535,0.014617026,575 (adaline_anc src/bin/adaline_anc.rs:140)
[INFO ] DATA,2727,-0.4713393,0.65691864,0.18557936,0.7312628,-0.54568344,-0.07434416,575 (adaline_anc src/bin/adaline_anc.rs:140)
[INFO ] DATA,2730,-0.5410855,0.29998446,-0.24110103,0.32850337,-0.5696044,-0.028518915,575 (adaline_anc src/bin/adaline_anc.rs:140)
[INFO ] DATA,2733,-0.43098104,0.17152342,-0.25945762,0.13618347,-0.3956411,0.03533995,575 (adaline_anc src/bin/adaline_anc.rs:140)
[INFO ] DATA,2736,-0.20536143,0.1987862,-0.006575227,0.18654947,-0.1931247,0.012236729,575 (adaline_anc src/bin/adaline_anc.rs:140)
[INFO ] DATA,2739,0.023980007,0.07630464,0.10028464,0.11282821,-0.0125435665,-0.036523573,575 (adaline_anc src/bin/adaline_anc.rs:140)
[INFO ] DATA,2742,0.15259571,-0.13999361,0.012602106,-0.11798326,0.13058537,-0.022010341,575 (adaline_anc src/bin/adaline_anc.rs:140)
[INFO ] DATA,2745,0.1335912,-0.19497457,-0.061383367,-0.20314637,0.141763,0.008171797,575 (adaline_anc src/bin/adaline_anc.rs:140)
[INFO ] DATA,2748,-0.0022489,-0.18162839,-0.18387729,-0.12635481,-0.057522476,-0.055273578,575 (adaline_anc src/bin/adaline_anc.rs:140)
[INFO ] DATA,2751,-0.16599602,-0.40835518,-0.5743512,-0.24121797,-0.33313322,-0.1671372,575 (adaline_anc src/bin/adaline_anc.rs:140)
[INFO ] DATA,2754,-0.25962582,-0.7516403,-1.0112661,-0.59190375,-0.41936237,-0.15973654,575 (adaline_anc src/bin/adaline_anc.rs:140)
[INFO ] DATA,2757,-0.22886246,-0.66724044,-0.8961029,-0.66886264,-0.22724026,0.0016222,575 (adaline_anc src/bin/adaline_anc.rs:140)
[INFO ] DATA,2760,-0.09269997,0.000014835022,-0.09268513,-0.1313526,0.03866747,0.13136744,575 (adaline_anc src/bin/adaline_anc.rs:140)
[INFO ] DATA,2763,0.06567533,0.6672598,0.73293513,0.5713851,0.16155005,0.09587471,575 (adaline_anc src/bin/adaline_anc.rs:140)
[INFO ] DATA,2766,0.14218941,0.75160897,0.89379835,0.756127,0.13767135,-0.004518062,575 (adaline_anc src/bin/adaline_anc.rs:140)
[INFO ] DATA,2769,0.06700085,0.40833077,0.4753316,0.4241703,0.05116132,-0.015839532,575 (adaline_anc src/bin/adaline_anc.rs:140)
[INFO ] DATA,2772,-0.15671289,0.18162571,0.02491282,0.13907035,-0.11415753,0.042555362,575 (adaline_anc src/bin/adaline_anc.rs:140)
[INFO ] DATA,2775,-0.45051396,0.19499308,-0.25552088,0.14614266,-0.40166354,0.048850417,575 (adaline_anc src/bin/adaline_anc.rs:140)
[INFO ] DATA,2778,-0.6965315,0.13995922,-0.55657226,0.13001558,-0.6865878,0.009943664,575 (adaline_anc src/bin/adaline_anc.rs:140)
[INFO ] DATA,2781,-0.7936021,-0.07631262,-0.8699147,-0.09903338,-0.77088135,0.022720754,575 (adaline_anc src/bin/adaline_anc.rs:140)
[INFO ] DATA,2784,-0.7054193,-0.19878678,-0.9042061,-0.26860774,-0.63559836,0.06982094,575 (adaline_anc src/bin/adaline_anc.rs:140)
[INFO ] DATA,2787,-0.47658616,-0.1714991,-0.64808524,-0.21547015,-0.4326151,0.04397106,575 (adaline_anc src/bin/adaline_anc.rs:140)
[INFO ] DATA,2790,-0.20865738,-0.29999495,-0.5086523,-0.22556403,-0.2830883,-0.07443091,575 (adaline_anc src/bin/adaline_anc.rs:140)
[INFO ] DATA,2793,-0.008614689,-0.65693116,-0.6655458,-0.5215404,-0.14400542,-0.13539073,575 (adaline_anc src/bin/adaline_anc.rs:140)
[INFO ] DATA,2796,0.06418149,-0.7694115,-0.70523,-0.73464304,0.029413044,-0.034768447,575 (adaline_anc src/bin/adaline_anc.rs:140)
[INFO ] DATA,2799,0.025262143,-0.261696,-0.23643386,-0.35808706,0.1216532,0.09639105,575 (adaline_anc src/bin/adaline_anc.rs:140)
[INFO ] DATA,2802,-0.04670772,0.49267465,0.44596693,0.40833443,0.037632495,0.084340215,575 (adaline_anc src/bin/adaline_anc.rs:140)
[INFO ] DATA,2805,-0.054672882,0.7949728,0.7402999,0.8178346,-0.077534735,-0.022861853,575 (adaline_anc src/bin/adaline_anc.rs:140)
[INFO ] DATA,2808,0.06266734,0.5342922,0.5969596,0.5753771,0.021582484,-0.041084856,575 (adaline_anc src/bin/adaline_anc.rs:140)
[INFO ] DATA,2811,0.29519677,0.22293654,0.5181333,0.16944896,0.3486843,0.05348754,575 (adaline_anc src/bin/adaline_anc.rs:140)
[INFO ] DATA,2814,0.5628816,0.1810103,0.7438919,0.06390267,0.6799892,0.11710763,575 (adaline_anc src/bin/adaline_anc.rs:140)
[INFO ] DATA,2817,0.7541995,0.18182847,0.936028,0.11290434,0.8231237,0.06892419,575 (adaline_anc src/bin/adaline_anc.rs:140)
[INFO ] DATA,2820,0.7817166,0.0000036356976,0.7817202,-0.001129996,0.7828502,0.0011336207,575 (adaline_anc src/bin/adaline_anc.rs:140)
[INFO ] DATA,2823,0.6270296,-0.18182938,0.4452002,-0.1946252,0.6398254,0.012795806,575 (adaline_anc src/bin/adaline_anc.rs:140)
[INFO ] DATA,2826,0.35182503,-0.1809832,0.17084183,-0.19717441,0.36801624,0.016191214,575 (adaline_anc src/bin/adaline_anc.rs:140)
[INFO ] DATA,2829,0.06917326,-0.22294341,-0.15377015,-0.14757146,-0.0061986893,-0.07537195,575 (adaline_anc src/bin/adaline_anc.rs:140)
[INFO ] DATA,2832,-0.11044335,-0.53431016,-0.6447535,-0.37768272,-0.2670708,-0.15662745,575 (adaline_anc src/bin/adaline_anc.rs:140)
[INFO ] DATA,2835,-0.13135543,-0.7949886,-0.92634404,-0.71586996,-0.21047407,-0.07911864,575 (adaline_anc src/bin/adaline_anc.rs:140)
[INFO ] DATA,2838,-0.017028075,-0.49261084,-0.5096389,-0.5885814,0.07894248,0.095970556,575 (adaline_anc src/bin/adaline_anc.rs:140)
[INFO ] DATA,2841,0.14562958,0.26174438,0.40737396,0.108228005,0.29914597,0.15351638,575 (adaline_anc src/bin/adaline_anc.rs:140)
[INFO ] DATA,2844,0.2533487,0.76942974,1.0227785,0.72571343,0.29706508,0.04371637,575 (adaline_anc src/bin/adaline_anc.rs:140)
[INFO ] DATA,2847,0.24093919,0.656912,0.8978512,0.7245754,0.17327583,-0.06766336,575 (adaline_anc src/bin/adaline_anc.rs:140)
[INFO ] DATA,2850,0.114801876,0.30000734,0.41480923,0.3498769,0.06493232,-0.04986956,575 (adaline_anc src/bin/adaline_anc.rs:140)
[INFO ] DATA,2853,-0.0512575,0.17151129,0.120253794,0.15562561,-0.035371818,0.01588568,575 (adaline_anc src/bin/adaline_anc.rs:140)
[INFO ] DATA,2856,-0.15596527,0.19878268,0.042817414,0.18802716,-0.14520974,0.010755524,575 (adaline_anc src/bin/adaline_anc.rs:140)
[INFO ] DATA,2859,-0.12536797,0.076294884,-0.049073085,0.09982551,-0.1488986,-0.023530632,575 (adaline_anc src/bin/adaline_anc.rs:140)
[INFO ] DATA,2862,0.045665056,-0.13998382,-0.09431876,-0.13866864,0.04434988,-0.0013151765,575 (adaline_anc src/bin/adaline_anc.rs:140)
[INFO ] DATA,2865,0.28692722,-0.1949773,0.091949925,-0.22468027,0.31663018,0.029702961,575 (adaline_anc src/bin/adaline_anc.rs:140)
[INFO ] DATA,2868,0.4851295,-0.18163686,0.30349267,-0.14414456,0.44763723,-0.037492275,575 (adaline_anc src/bin/adaline_anc.rs:140)
[INFO ] DATA,2871,0.53881973,-0.40837002,0.13044971,-0.25363505,0.38408476,-0.15473497,575 (adaline_anc src/bin/adaline_anc.rs:140)
[INFO ] DATA,2874,0.40834564,-0.7516451,-0.34329945,-0.5977673,0.25446784,-0.1538778,575 (adaline_anc src/bin/adaline_anc.rs:140)
[INFO ] DATA,2877,0.13562712,-0.66722095,-0.5315938,-0.65372115,0.122127354,-0.013499767,575 (adaline_anc src/bin/adaline_anc.rs:140)
[INFO ] DATA,2880,-0.17634961,0.00004772251,-0.17630188,-0.09425628,-0.0820456,0.09430401,575 (adaline_anc src/bin/adaline_anc.rs:140)
[INFO ] DATA,2883,-0.4138418,0.6672268,0.25338498,0.6130252,-0.3596402,0.054201603,575 (adaline_anc src/bin/adaline_anc.rs:140)
[INFO ] DATA,2886,-0.50706106,0.7516241,0.24456304,0.77788436,-0.5333213,-0.026260257,575 (adaline_anc src/bin/adaline_anc.rs:140)
[INFO ] DATA,2889,-0.4615819,0.40834212,-0.053239763,0.41914776,-0.47238752,-0.010805637,575 (adaline_anc src/bin/adaline_anc.rs:140)
[INFO ] DATA,2892,-0.35101575,0.18165626,-0.16935949,0.14002159,-0.30938107,0.04163468,575 (adaline_anc src/bin/adaline_anc.rs:140)
[INFO ] DATA,2895,-0.27506265,0.19498391,-0.080078736,0.17033817,-0.2504169,0.024645746,575 (adaline_anc src/bin/adaline_anc.rs:140)
[INFO ] DATA,2898,-0.3047068,0.139969,-0.1647378,0.16759028,-0.33232808,-0.02762127,575 (adaline_anc src/bin/adaline_anc.rs:140)
[INFO ] DATA,2901,-0.4431304,-0.07631769,-0.5194481,-0.058174476,-0.4612736,-0.018143207,575 (adaline_anc src/bin/adaline_anc.rs:140)
[INFO ] DATA,2904,-0.6223561,-0.19878191,-0.821138,-0.23011535,-0.5910227,0.031333447,575 (adaline_anc src/bin/adaline_anc.rs:140)
[INFO ] DATA,2907,-0.73774743,-0.17150483,-0.9092523,-0.18151844,-0.72773385,0.01001358,575 (adaline_anc src/bin/adaline_anc.rs:140)
[INFO ] DATA,2910,-0.7025627,-0.3000087,-1.0025713,-0.20579216,-0.79677916,-0.094216466,575 (adaline_anc src/bin/adaline_anc.rs:140)
[INFO ] DATA,2913,-0.49476638,-0.65694165,-1.151708,-0.5204184,-0.6312896,-0.13652322,575 (adaline_anc src/bin/adaline_anc.rs:140)
[INFO ] DATA,2916,-0.17190525,-0.7694363,-0.9413415,-0.75103277,-0.19030875,-0.0184035,575 (adaline_anc src/bin/adaline_anc.rs:140)
[INFO ] DATA,2919,0.15409325,-0.261719,-0.10762574,-0.38573742,0.2781117,0.124018446,575 (adaline_anc src/bin/adaline_anc.rs:140)
[INFO ] DATA,2922,0.36932683,0.49265754,0.8619844,0.376947,0.4850374,0.11571056,575 (adaline_anc src/bin/adaline_anc.rs:140)
[INFO ] DATA,2925,0.41180032,0.79497117,1.2067715,0.7923706,0.41440088,0.0026005507,575 (adaline_anc src/bin/adaline_anc.rs:140)
[INFO ] DATA,2928,0.29940918,0.5342885,0.8336977,0.5715933,0.2621044,-0.03730479,575 (adaline_anc src/bin/adaline_anc.rs:140)
[INFO ] DATA,2931,0.118157044,0.22293384,0.3410909,0.17794469,0.1631462,0.044989154,575 (adaline_anc src/bin/adaline_anc.rs:140)
[INFO ] DATA,2934,-0.023092896,0.1810066,0.1579137,0.06925096,0.088662736,0.11175563,575 (adaline_anc src/bin/adaline_anc.rs:140)
[INFO ] DATA,2937,-0.048089594,0.18182515,0.13373555,0.09992989,0.03380566,0.081895255,575 (adaline_anc src/bin/adaline_anc.rs:140)
[INFO ] DATA,2940,0.049209937,-0.000026142792,0.049183793,-0.04259681,0.0917806,0.042570665,575 (adaline_anc src/bin/adaline_anc.rs:140)
[INFO ] DATA,2943,0.20415916,-0.18183272,0.02232644,-0.2424516,0.26477802,0.060618863,575 (adaline_anc src/bin/adaline_anc.rs:140)
[INFO ] DATA,2946,0.3177418,-0.18098688,0.13675493,-0.23387575,0.37063068,0.05288887,575 (adaline_anc src/bin/adaline_anc.rs:140)
[INFO ] DATA,2949,0.3109977,-0.22292632,0.088071376,-0.16870363,0.25677502,-0.054222673,575 (adaline_anc src/bin/adaline_anc.rs:140)
[INFO ] DATA,2952,0.16907974,-0.53431386,-0.36523414,-0.38281292,0.01757878,-0.15150096,575 (adaline_anc src/bin/adaline_anc.rs:140)
[INFO ] DATA,2955,-0.047696684,-0.79497933,-0.84267604,-0.70073915,-0.1419369,-0.09424022,575 (adaline_anc src/bin/adaline_anc.rs:140)
[INFO ] DATA,2958,-0.23211229,-0.4926573,-0.7247696,-0.55223024,-0.17253935,0.059572935,575 (adaline_anc src/bin/adaline_anc.rs:140)
[INFO ] DATA,2961,-0.28330055,0.2617214,-0.021579146,0.15019657,-0.17177571,0.111524835,575 (adaline_anc src/bin/adaline_anc.rs:140)
[INFO ] DATA,2964,-0.15809327,0.7694228,0.61132956,0.74999636,-0.13866681,0.019426465,575 (adaline_anc src/bin/adaline_anc.rs:140)
[INFO ] DATA,2967,0.10569459,0.6569054,0.7626,0.71223146,0.050368547,-0.055326045,575 (adaline_anc src/bin/adaline_anc.rs:140)
[INFO ] DATA,2970,0.4061302,0.29999357,0.70612377,0.32055014,0.38557363,-0.02055657,575 (adaline_anc src/bin/adaline_anc.rs:140)
[INFO ] DATA,2973,0.6257472,0.17150554,0.7972528,0.13390443,0.6633483,0.037601113,575 (adaline_anc src/bin/adaline_anc.rs:140)
[INFO ] DATA,2976,0.6874293,0.19879428,0.88622355,0.17996633,0.7062572,0.018827915,575 (adaline_anc src/bin/adaline_anc.rs:140)
[INFO ] DATA,2979,0.5896118,0.076289825,0.66590166,0.11436693,0.5515347,-0.038077116,575 (adaline_anc src/bin/adaline_anc.rs:140)
[INFO ] DATA,2982,0.4031862,-0.13998811,0.26319808,-0.11449344,0.3776915,-0.025494695,575 (adaline_anc src/bin/adaline_anc.rs:140)
[INFO ] DATA,2985,0.23216137,-0.19495842,0.037202954,-0.20572793,0.24293089,0.010769516,575 (adaline_anc src/bin/adaline_anc.rs:140)
[INFO ] DATA,2988,0.15854695,-0.18162583,-0.023078874,-0.13836196,0.11528309,-0.043263867,575 (adaline_anc src/bin/adaline_anc.rs:140)
[INFO ] DATA,2991,0.199761,-0.40835863,-0.20859763,-0.2683403,0.05974266,-0.14001834,575 (adaline_anc src/bin/adaline_anc.rs:140)
[INFO ] DATA,2994,0.3004895,-0.7516333,-0.4511438,-0.633886,0.18274218,-0.11774731,574 (adaline_anc src/bin/adaline_anc.rs:140)
[INFO ] DATA,2997,0.3629082,-0.6672257,-0.3043175,-0.70163417,0.39731666,0.03440845,575 (adaline_anc src/bin/adaline_anc.rs:140)
[INFO ] resume : cycles/echantillon moyen = 574.99 (3.4225595 us) | pic = 576 (3.4285715 us) (adaline_anc src/bin/adaline_anc.rs:157)
[INFO ] === fin adaline_anc === (adaline_anc src/bin/adaline_anc.rs:165)
Received SIGTERM, exiting
Exited by user request
